instructor_id,id,year,num_of_stu,course_id
1.0,1.0,2019.0,38.0,1.0
1.0,2.0,2021.0,43.0,1.0
2.0,3.0,2020.0,34.0,1.0
2.0,4.0,2019.0,58.0,1.0
3.0,5.0,2019.0,24.0,1.0
3.0,6.0,2019.0,52.0,1.0
4.0,7.0,2019.0,41.0,1.0
4.0,8.0,2019.0,28.0,1.0
5.0,9.0,2021.0,27.0,1.0
5.0,10.0,2021.0,27.0,1.0
6.0,11.0,2021.0,22.0,2.0
6.0,12.0,2018.0,27.0,2.0
7.0,13.0,2019.0,35.0,2.0
7.0,14.0,2021.0,46.0,2.0
8.0,15.0,2021.0,23.0,2.0
8.0,16.0,2019.0,29.0,2.0
9.0,17.0,2020.0,32.0,2.0
9.0,18.0,2020.0,32.0,2.0
10.0,19.0,2021.0,33.0,2.0
10.0,20.0,2019.0,53.0,2.0
11.0,21.0,2021.0,37.0,3.0
11.0,22.0,2021.0,21.0,3.0
12.0,23.0,2021.0,54.0,3.0
12.0,24.0,2018.0,48.0,3.0
13.0,25.0,2020.0,27.0,3.0
13.0,26.0,2019.0,32.0,3.0
14.0,27.0,2018.0,27.0,3.0
14.0,28.0,2021.0,37.0,3.0
15.0,29.0,2020.0,51.0,3.0
15.0,30.0,2018.0,37.0,3.0
16.0,31.0,2021.0,43.0,4.0
16.0,32.0,2019.0,57.0,4.0
17.0,33.0,2020.0,46.0,4.0
17.0,34.0,2021.0,42.0,4.0
18.0,35.0,2018.0,57.0,4.0
18.0,36.0,2018.0,38.0,4.0
19.0,37.0,2018.0,21.0,4.0
19.0,38.0,2018.0,26.0,4.0
20.0,39.0,2020.0,26.0,4.0
20.0,40.0,2018.0,36.0,4.0
21.0,41.0,2018.0,39.0,5.0
21.0,42.0,2021.0,52.0,5.0
22.0,43.0,2018.0,34.0,5.0
22.0,44.0,2020.0,28.0,5.0
23.0,45.0,2021.0,40.0,5.0
23.0,46.0,2021.0,45.0,5.0
24.0,47.0,2019.0,57.0,5.0
24.0,48.0,2019.0,57.0,5.0
25.0,49.0,2020.0,47.0,5.0
25.0,50.0,2018.0,58.0,5.0
26.0,51.0,2020.0,24.0,6.0
26.0,52.0,2018.0,35.0,6.0
27.0,53.0,2020.0,31.0,6.0
27.0,54.0,2021.0,54.0,6.0
28.0,55.0,2019.0,48.0,6.0
28.0,56.0,2021.0,34.0,6.0
29.0,57.0,2020.0,20.0,6.0
29.0,58.0,2021.0,50.0,6.0
30.0,59.0,2019.0,27.0,6.0
30.0,60.0,2019.0,58.0,6.0
31.0,61.0,2020.0,33.0,7.0
31.0,62.0,2019.0,22.0,7.0
32.0,63.0,2020.0,35.0,7.0
32.0,64.0,2021.0,56.0,7.0
33.0,65.0,2020.0,24.0,7.0
33.0,66.0,2020.0,48.0,7.0
34.0,67.0,2018.0,41.0,7.0
34.0,68.0,2020.0,27.0,7.0
35.0,69.0,2018.0,41.0,7.0
35.0,70.0,2018.0,27.0,7.0
36.0,71.0,2018.0,25.0,8.0
36.0,72.0,2018.0,54.0,8.0
37.0,73.0,2021.0,41.0,8.0
37.0,74.0,2019.0,33.0,8.0
38.0,75.0,2019.0,38.0,8.0
38.0,76.0,2020.0,58.0,8.0
39.0,77.0,2018.0,21.0,8.0
39.0,78.0,2018.0,30.0,8.0
40.0,79.0,2021.0,32.0,8.0
40.0,80.0,2021.0,21.0,8.0
41.0,81.0,2018.0,51.0,9.0
41.0,82.0,2018.0,43.0,9.0
42.0,83.0,2021.0,58.0,9.0
42.0,84.0,2019.0,49.0,9.0
43.0,85.0,2018.0,51.0,9.0
43.0,86.0,2019.0,37.0,9.0
44.0,87.0,2019.0,46.0,9.0
44.0,88.0,2020.0,28.0,9.0
45.0,89.0,2018.0,49.0,9.0
45.0,90.0,2020.0,26.0,9.0
46.0,91.0,2020.0,31.0,10.0
46.0,92.0,2019.0,38.0,10.0
47.0,93.0,2018.0,33.0,10.0
47.0,94.0,2020.0,24.0,10.0
48.0,95.0,2019.0,47.0,10.0
48.0,96.0,2020.0,46.0,10.0
49.0,97.0,2019.0,47.0,10.0
49.0,98.0,2018.0,51.0,10.0
50.0,99.0,2020.0,24.0,10.0
50.0,100.0,2021.0,35.0,10.0
51.0,101.0,2018.0,42.0,11.0
51.0,102.0,2021.0,42.0,11.0
52.0,103.0,2021.0,28.0,11.0
52.0,104.0,2019.0,40.0,11.0
53.0,105.0,2019.0,23.0,11.0
53.0,106.0,2021.0,25.0,11.0
54.0,107.0,2018.0,57.0,11.0
54.0,108.0,2019.0,53.0,11.0
55.0,109.0,2019.0,36.0,11.0
55.0,110.0,2021.0,58.0,11.0
56.0,111.0,2019.0,30.0,12.0
56.0,112.0,2019.0,29.0,12.0
57.0,113.0,2019.0,37.0,12.0
57.0,114.0,2019.0,34.0,12.0
58.0,115.0,2021.0,38.0,12.0
58.0,116.0,2020.0,32.0,12.0
59.0,117.0,2018.0,45.0,12.0
59.0,118.0,2021.0,49.0,12.0
60.0,119.0,2018.0,49.0,12.0
60.0,120.0,2020.0,49.0,12.0
61.0,121.0,2019.0,24.0,13.0
61.0,122.0,2019.0,44.0,13.0
62.0,123.0,2018.0,43.0,13.0
62.0,124.0,2019.0,26.0,13.0
63.0,125.0,2020.0,32.0,13.0
63.0,126.0,2019.0,32.0,13.0
64.0,127.0,2018.0,52.0,13.0
64.0,128.0,2020.0,58.0,13.0
65.0,129.0,2021.0,34.0,13.0
65.0,130.0,2019.0,32.0,13.0
66.0,131.0,2021.0,30.0,14.0
66.0,132.0,2020.0,47.0,14.0
67.0,133.0,2019.0,45.0,14.0
67.0,134.0,2020.0,44.0,14.0
68.0,135.0,2018.0,53.0,14.0
68.0,136.0,2019.0,30.0,14.0
69.0,137.0,2019.0,29.0,14.0
69.0,138.0,2020.0,57.0,14.0
70.0,139.0,2018.0,46.0,14.0
70.0,140.0,2021.0,48.0,14.0
71.0,141.0,2021.0,53.0,15.0
71.0,142.0,2020.0,34.0,15.0
72.0,143.0,2018.0,49.0,15.0
72.0,144.0,2021.0,41.0,15.0
73.0,145.0,2019.0,51.0,15.0
73.0,146.0,2020.0,33.0,15.0
74.0,147.0,2021.0,56.0,15.0
74.0,148.0,2020.0,58.0,15.0
75.0,149.0,2018.0,23.0,15.0
75.0,150.0,2018.0,59.0,15.0
76.0,151.0,2018.0,57.0,16.0
76.0,152.0,2021.0,48.0,16.0
77.0,153.0,2021.0,36.0,16.0
77.0,154.0,2020.0,36.0,16.0
78.0,155.0,2020.0,48.0,16.0
78.0,156.0,2019.0,40.0,16.0
79.0,157.0,2018.0,45.0,16.0
79.0,158.0,2019.0,22.0,16.0
80.0,159.0,2020.0,25.0,16.0
80.0,160.0,2019.0,27.0,16.0
81.0,161.0,2018.0,24.0,17.0
81.0,162.0,2021.0,44.0,17.0
82.0,163.0,2018.0,59.0,17.0
82.0,164.0,2020.0,38.0,17.0
83.0,165.0,2019.0,32.0,17.0
83.0,166.0,2019.0,59.0,17.0
84.0,167.0,2019.0,58.0,17.0
84.0,168.0,2018.0,36.0,17.0
85.0,169.0,2019.0,33.0,17.0
85.0,170.0,2018.0,28.0,17.0
86.0,171.0,2020.0,30.0,18.0
86.0,172.0,2019.0,39.0,18.0
87.0,173.0,2020.0,21.0,18.0
87.0,174.0,2019.0,36.0,18.0
88.0,175.0,2018.0,39.0,18.0
88.0,176.0,2020.0,40.0,18.0
89.0,177.0,2019.0,30.0,18.0
89.0,178.0,2021.0,57.0,18.0
90.0,179.0,2019.0,33.0,18.0
90.0,180.0,2021.0,28.0,18.0
91.0,181.0,2021.0,34.0,19.0
91.0,182.0,2018.0,20.0,19.0
92.0,183.0,2019.0,56.0,19.0
92.0,184.0,2020.0,24.0,19.0
93.0,185.0,2019.0,44.0,19.0
93.0,186.0,2019.0,51.0,19.0
94.0,187.0,2018.0,28.0,19.0
94.0,188.0,2020.0,35.0,19.0
95.0,189.0,2021.0,25.0,19.0
95.0,190.0,2020.0,59.0,19.0
96.0,191.0,2019.0,38.0,20.0
96.0,192.0,2019.0,50.0,20.0
97.0,193.0,2020.0,21.0,20.0
97.0,194.0,2019.0,57.0,20.0
98.0,195.0,2021.0,26.0,20.0
98.0,196.0,2021.0,29.0,20.0
99.0,197.0,2019.0,34.0,20.0
99.0,198.0,2018.0,41.0,20.0
100.0,199.0,2019.0,55.0,20.0
100.0,200.0,2021.0,38.0,20.0
101.0,201.0,2019.0,49.0,21.0
101.0,202.0,2019.0,37.0,21.0
102.0,203.0,2018.0,42.0,21.0
102.0,204.0,2020.0,34.0,21.0
103.0,205.0,2019.0,38.0,21.0
103.0,206.0,2018.0,34.0,21.0
104.0,207.0,2018.0,51.0,21.0
104.0,208.0,2020.0,25.0,21.0
105.0,209.0,2020.0,21.0,21.0
105.0,210.0,2020.0,35.0,21.0
106.0,211.0,2018.0,51.0,22.0
106.0,212.0,2018.0,22.0,22.0
107.0,213.0,2021.0,23.0,22.0
107.0,214.0,2020.0,46.0,22.0
108.0,215.0,2018.0,57.0,22.0
108.0,216.0,2018.0,30.0,22.0
109.0,217.0,2019.0,49.0,22.0
109.0,218.0,2019.0,33.0,22.0
110.0,219.0,2021.0,20.0,22.0
110.0,220.0,2020.0,59.0,22.0
111.0,221.0,2020.0,45.0,23.0
111.0,222.0,2021.0,25.0,23.0
112.0,223.0,2021.0,31.0,23.0
112.0,224.0,2021.0,40.0,23.0
113.0,225.0,2018.0,57.0,23.0
113.0,226.0,2018.0,32.0,23.0
114.0,227.0,2019.0,55.0,23.0
114.0,228.0,2020.0,46.0,23.0
115.0,229.0,2021.0,42.0,23.0
115.0,230.0,2020.0,53.0,23.0
116.0,231.0,2018.0,24.0,24.0
116.0,232.0,2021.0,54.0,24.0
117.0,233.0,2020.0,20.0,24.0
117.0,234.0,2019.0,50.0,24.0
118.0,235.0,2021.0,53.0,24.0
118.0,236.0,2019.0,55.0,24.0
119.0,237.0,2021.0,41.0,24.0
119.0,238.0,2020.0,45.0,24.0
120.0,239.0,2020.0,41.0,24.0
120.0,240.0,2021.0,29.0,24.0
121.0,241.0,2020.0,41.0,25.0
121.0,242.0,2019.0,45.0,25.0
122.0,243.0,2020.0,36.0,25.0
122.0,244.0,2018.0,21.0,25.0
123.0,245.0,2020.0,48.0,25.0
123.0,246.0,2018.0,31.0,25.0
124.0,247.0,2019.0,25.0,25.0
124.0,248.0,2018.0,22.0,25.0
125.0,249.0,2019.0,53.0,25.0
125.0,250.0,2019.0,27.0,25.0
126.0,251.0,2018.0,38.0,26.0
126.0,252.0,2018.0,51.0,26.0
127.0,253.0,2020.0,26.0,26.0
127.0,254.0,2021.0,35.0,26.0
128.0,255.0,2019.0,32.0,26.0
128.0,256.0,2021.0,29.0,26.0
129.0,257.0,2019.0,24.0,26.0
129.0,258.0,2020.0,20.0,26.0
130.0,259.0,2020.0,54.0,26.0
130.0,260.0,2019.0,26.0,26.0
131.0,261.0,2018.0,36.0,27.0
131.0,262.0,2020.0,39.0,27.0
132.0,263.0,2021.0,22.0,27.0
132.0,264.0,2018.0,21.0,27.0
133.0,265.0,2018.0,32.0,27.0
133.0,266.0,2018.0,55.0,27.0
134.0,267.0,2020.0,27.0,27.0
134.0,268.0,2020.0,26.0,27.0
135.0,269.0,2019.0,31.0,27.0
135.0,270.0,2021.0,37.0,27.0
136.0,271.0,2019.0,59.0,28.0
136.0,272.0,2020.0,39.0,28.0
137.0,273.0,2020.0,35.0,28.0
137.0,274.0,2021.0,40.0,28.0
138.0,275.0,2021.0,31.0,28.0
138.0,276.0,2020.0,55.0,28.0
139.0,277.0,2018.0,46.0,28.0
139.0,278.0,2020.0,26.0,28.0
140.0,279.0,2019.0,55.0,28.0
140.0,280.0,2020.0,42.0,28.0
141.0,281.0,2018.0,24.0,29.0
141.0,282.0,2021.0,47.0,29.0
142.0,283.0,2020.0,46.0,29.0
142.0,284.0,2018.0,49.0,29.0
143.0,285.0,2018.0,25.0,29.0
143.0,286.0,2021.0,48.0,29.0
144.0,287.0,2018.0,31.0,29.0
144.0,288.0,2020.0,28.0,29.0
145.0,289.0,2018.0,43.0,29.0
145.0,290.0,2019.0,29.0,29.0
146.0,291.0,2019.0,38.0,30.0
146.0,292.0,2019.0,56.0,30.0
147.0,293.0,2018.0,38.0,30.0
147.0,294.0,2021.0,50.0,30.0
148.0,295.0,2020.0,26.0,30.0
148.0,296.0,2020.0,49.0,30.0
149.0,297.0,2018.0,34.0,30.0
149.0,298.0,2020.0,41.0,30.0
150.0,299.0,2020.0,31.0,30.0
150.0,300.0,2019.0,38.0,30.0
151.0,301.0,2018.0,49.0,31.0
151.0,302.0,2018.0,55.0,31.0
152.0,303.0,2020.0,42.0,31.0
152.0,304.0,2021.0,51.0,31.0
153.0,305.0,2019.0,49.0,31.0
153.0,306.0,2019.0,53.0,31.0
154.0,307.0,2019.0,33.0,31.0
154.0,308.0,2018.0,47.0,31.0
155.0,309.0,2019.0,45.0,31.0
155.0,310.0,2021.0,27.0,31.0
156.0,311.0,2021.0,50.0,32.0
156.0,312.0,2020.0,24.0,32.0
157.0,313.0,2021.0,44.0,32.0
157.0,314.0,2021.0,44.0,32.0
158.0,315.0,2019.0,27.0,32.0
158.0,316.0,2021.0,25.0,32.0
159.0,317.0,2021.0,50.0,32.0
159.0,318.0,2020.0,55.0,32.0
160.0,319.0,2019.0,35.0,32.0
160.0,320.0,2020.0,23.0,32.0
161.0,321.0,2019.0,20.0,33.0
161.0,322.0,2020.0,47.0,33.0
162.0,323.0,2020.0,28.0,33.0
162.0,324.0,2019.0,29.0,33.0
163.0,325.0,2021.0,50.0,33.0
163.0,326.0,2019.0,32.0,33.0
164.0,327.0,2020.0,41.0,33.0
164.0,328.0,2021.0,42.0,33.0
165.0,329.0,2021.0,27.0,33.0
165.0,330.0,2019.0,36.0,33.0
166.0,331.0,2021.0,28.0,34.0
166.0,332.0,2021.0,39.0,34.0
167.0,333.0,2021.0,40.0,34.0
167.0,334.0,2021.0,59.0,34.0
168.0,335.0,2019.0,47.0,34.0
168.0,336.0,2021.0,37.0,34.0
169.0,337.0,2020.0,28.0,34.0
169.0,338.0,2018.0,58.0,34.0
170.0,339.0,2021.0,38.0,34.0
170.0,340.0,2019.0,58.0,34.0
171.0,341.0,2018.0,46.0,35.0
171.0,342.0,2020.0,20.0,35.0
172.0,343.0,2019.0,36.0,35.0
172.0,344.0,2021.0,34.0,35.0
173.0,345.0,2020.0,38.0,35.0
173.0,346.0,2018.0,58.0,35.0
174.0,347.0,2020.0,27.0,35.0
174.0,348.0,2020.0,32.0,35.0
175.0,349.0,2021.0,45.0,35.0
175.0,350.0,2021.0,23.0,35.0
176.0,351.0,2019.0,52.0,36.0
176.0,352.0,2021.0,36.0,36.0
177.0,353.0,2020.0,24.0,36.0
177.0,354.0,2020.0,52.0,36.0
178.0,355.0,2019.0,36.0,36.0
178.0,356.0,2018.0,42.0,36.0
179.0,357.0,2018.0,23.0,36.0
179.0,358.0,2021.0,49.0,36.0
180.0,359.0,2021.0,37.0,36.0
180.0,360.0,2018.0,36.0,36.0
181.0,361.0,2019.0,53.0,37.0
181.0,362.0,2021.0,53.0,37.0
182.0,363.0,2018.0,47.0,37.0
182.0,364.0,2020.0,35.0,37.0
183.0,365.0,2021.0,46.0,37.0
183.0,366.0,2018.0,55.0,37.0
184.0,367.0,2021.0,45.0,37.0
184.0,368.0,2020.0,56.0,37.0
185.0,369.0,2020.0,42.0,37.0
185.0,370.0,2021.0,57.0,37.0
186.0,371.0,2020.0,52.0,38.0
186.0,372.0,2020.0,23.0,38.0
187.0,373.0,2021.0,50.0,38.0
187.0,374.0,2019.0,29.0,38.0
188.0,375.0,2020.0,21.0,38.0
188.0,376.0,2019.0,37.0,38.0
189.0,377.0,2020.0,57.0,38.0
189.0,378.0,2021.0,59.0,38.0
190.0,379.0,2018.0,54.0,38.0
190.0,380.0,2018.0,23.0,38.0
191.0,381.0,2020.0,31.0,39.0
191.0,382.0,2021.0,30.0,39.0
192.0,383.0,2018.0,36.0,39.0
192.0,384.0,2021.0,31.0,39.0
193.0,385.0,2018.0,56.0,39.0
193.0,386.0,2021.0,38.0,39.0
194.0,387.0,2019.0,44.0,39.0
194.0,388.0,2019.0,40.0,39.0
195.0,389.0,2020.0,49.0,39.0
195.0,390.0,2021.0,39.0,39.0
196.0,391.0,2020.0,36.0,40.0
196.0,392.0,2018.0,21.0,40.0
197.0,393.0,2020.0,58.0,40.0
197.0,394.0,2021.0,31.0,40.0
198.0,395.0,2019.0,28.0,40.0
198.0,396.0,2021.0,47.0,40.0
199.0,397.0,2021.0,29.0,40.0
199.0,398.0,2020.0,32.0,40.0
200.0,399.0,2018.0,50.0,40.0
200.0,400.0,2018.0,49.0,40.0
201.0,401.0,2018.0,56.0,41.0
201.0,402.0,2019.0,25.0,41.0
202.0,403.0,2019.0,47.0,41.0
202.0,404.0,2019.0,23.0,41.0
203.0,405.0,2020.0,36.0,41.0
203.0,406.0,2019.0,59.0,41.0
204.0,407.0,2020.0,59.0,41.0
204.0,408.0,2018.0,52.0,41.0
205.0,409.0,2020.0,24.0,41.0
205.0,410.0,2020.0,34.0,41.0
206.0,411.0,2021.0,58.0,42.0
206.0,412.0,2019.0,57.0,42.0
207.0,413.0,2019.0,59.0,42.0
207.0,414.0,2019.0,40.0,42.0
208.0,415.0,2021.0,57.0,42.0
208.0,416.0,2021.0,43.0,42.0
209.0,417.0,2018.0,56.0,42.0
209.0,418.0,2020.0,36.0,42.0
210.0,419.0,2020.0,31.0,42.0
210.0,420.0,2018.0,23.0,42.0
211.0,421.0,2019.0,26.0,43.0
211.0,422.0,2021.0,24.0,43.0
212.0,423.0,2020.0,58.0,43.0
212.0,424.0,2019.0,41.0,43.0
213.0,425.0,2019.0,33.0,43.0
213.0,426.0,2021.0,51.0,43.0
214.0,427.0,2020.0,50.0,43.0
214.0,428.0,2018.0,29.0,43.0
215.0,429.0,2019.0,42.0,43.0
215.0,430.0,2019.0,44.0,43.0
216.0,431.0,2018.0,43.0,44.0
216.0,432.0,2018.0,45.0,44.0
217.0,433.0,2020.0,29.0,44.0
217.0,434.0,2018.0,49.0,44.0
218.0,435.0,2018.0,36.0,44.0
218.0,436.0,2018.0,51.0,44.0
219.0,437.0,2019.0,28.0,44.0
219.0,438.0,2021.0,55.0,44.0
220.0,439.0,2021.0,34.0,44.0
220.0,440.0,2021.0,46.0,44.0
221.0,441.0,2021.0,29.0,45.0
221.0,442.0,2018.0,36.0,45.0
222.0,443.0,2019.0,51.0,45.0
222.0,444.0,2020.0,29.0,45.0
223.0,445.0,2021.0,40.0,45.0
223.0,446.0,2020.0,41.0,45.0
224.0,447.0,2018.0,53.0,45.0
224.0,448.0,2019.0,56.0,45.0
225.0,449.0,2021.0,34.0,45.0
225.0,450.0,2021.0,28.0,45.0
226.0,451.0,2020.0,20.0,46.0
226.0,452.0,2021.0,48.0,46.0
227.0,453.0,2019.0,33.0,46.0
227.0,454.0,2019.0,59.0,46.0
228.0,455.0,2019.0,59.0,46.0
228.0,456.0,2021.0,49.0,46.0
229.0,457.0,2018.0,47.0,46.0
229.0,458.0,2019.0,59.0,46.0
230.0,459.0,2021.0,31.0,46.0
230.0,460.0,2021.0,39.0,46.0
231.0,461.0,2019.0,50.0,47.0
231.0,462.0,2021.0,52.0,47.0
232.0,463.0,2018.0,49.0,47.0
232.0,464.0,2018.0,30.0,47.0
233.0,465.0,2018.0,31.0,47.0
233.0,466.0,2018.0,36.0,47.0
234.0,467.0,2018.0,40.0,47.0
234.0,468.0,2018.0,22.0,47.0
235.0,469.0,2019.0,38.0,47.0
235.0,470.0,2021.0,38.0,47.0
236.0,471.0,2021.0,56.0,48.0
236.0,472.0,2020.0,41.0,48.0
237.0,473.0,2021.0,27.0,48.0
237.0,474.0,2018.0,55.0,48.0
238.0,475.0,2019.0,49.0,48.0
238.0,476.0,2018.0,25.0,48.0
239.0,477.0,2019.0,49.0,48.0
239.0,478.0,2019.0,23.0,48.0
240.0,479.0,2019.0,38.0,48.0
240.0,480.0,2020.0,47.0,48.0
241.0,481.0,2018.0,49.0,49.0
241.0,482.0,2018.0,54.0,49.0
242.0,483.0,2020.0,34.0,49.0
242.0,484.0,2020.0,55.0,49.0
243.0,485.0,2020.0,23.0,49.0
243.0,486.0,2019.0,33.0,49.0
244.0,487.0,2020.0,36.0,49.0
244.0,488.0,2019.0,31.0,49.0
245.0,489.0,2018.0,41.0,49.0
245.0,490.0,2019.0,31.0,49.0
246.0,491.0,2020.0,37.0,50.0
246.0,492.0,2018.0,43.0,50.0
247.0,493.0,2018.0,23.0,50.0
247.0,494.0,2018.0,23.0,50.0
248.0,495.0,2019.0,54.0,50.0
248.0,496.0,2020.0,51.0,50.0
249.0,497.0,2021.0,51.0,50.0
249.0,498.0,2018.0,59.0,50.0
250.0,499.0,2020.0,30.0,50.0
250.0,500.0,2021.0,58.0,50.0
251.0,501.0,2020.0,26.0,51.0
251.0,502.0,2018.0,29.0,51.0
252.0,503.0,2018.0,31.0,51.0
252.0,504.0,2021.0,29.0,51.0
253.0,505.0,2018.0,54.0,51.0
253.0,506.0,2019.0,59.0,51.0
254.0,507.0,2019.0,38.0,51.0
254.0,508.0,2019.0,42.0,51.0
255.0,509.0,2019.0,55.0,51.0
255.0,510.0,2021.0,22.0,51.0
256.0,511.0,2018.0,56.0,52.0
256.0,512.0,2021.0,38.0,52.0
257.0,513.0,2019.0,26.0,52.0
257.0,514.0,2019.0,51.0,52.0
258.0,515.0,2020.0,34.0,52.0
258.0,516.0,2018.0,40.0,52.0
259.0,517.0,2019.0,23.0,52.0
259.0,518.0,2021.0,38.0,52.0
260.0,519.0,2020.0,31.0,52.0
260.0,520.0,2019.0,22.0,52.0
261.0,521.0,2018.0,51.0,53.0
261.0,522.0,2019.0,32.0,53.0
262.0,523.0,2019.0,36.0,53.0
262.0,524.0,2020.0,20.0,53.0
263.0,525.0,2020.0,49.0,53.0
263.0,526.0,2019.0,45.0,53.0
264.0,527.0,2018.0,59.0,53.0
264.0,528.0,2020.0,42.0,53.0
265.0,529.0,2020.0,25.0,53.0
265.0,530.0,2020.0,24.0,53.0
266.0,531.0,2020.0,20.0,54.0
266.0,532.0,2018.0,20.0,54.0
267.0,533.0,2020.0,27.0,54.0
267.0,534.0,2021.0,54.0,54.0
268.0,535.0,2019.0,27.0,54.0
268.0,536.0,2021.0,59.0,54.0
269.0,537.0,2018.0,20.0,54.0
269.0,538.0,2020.0,37.0,54.0
270.0,539.0,2019.0,37.0,54.0
270.0,540.0,2020.0,42.0,54.0
271.0,541.0,2021.0,47.0,55.0
271.0,542.0,2020.0,44.0,55.0
272.0,543.0,2020.0,56.0,55.0
272.0,544.0,2021.0,39.0,55.0
273.0,545.0,2020.0,56.0,55.0
273.0,546.0,2020.0,29.0,55.0
274.0,547.0,2018.0,51.0,55.0
274.0,548.0,2019.0,53.0,55.0
275.0,549.0,2021.0,29.0,55.0
275.0,550.0,2019.0,44.0,55.0
276.0,551.0,2021.0,29.0,56.0
276.0,552.0,2020.0,59.0,56.0
277.0,553.0,2021.0,39.0,56.0
277.0,554.0,2019.0,33.0,56.0
278.0,555.0,2018.0,29.0,56.0
278.0,556.0,2018.0,21.0,56.0
279.0,557.0,2021.0,44.0,56.0
279.0,558.0,2019.0,42.0,56.0
280.0,559.0,2021.0,40.0,56.0
280.0,560.0,2021.0,33.0,56.0
281.0,561.0,2019.0,26.0,57.0
281.0,562.0,2020.0,56.0,57.0
282.0,563.0,2019.0,54.0,57.0
282.0,564.0,2019.0,27.0,57.0
283.0,565.0,2020.0,39.0,57.0
283.0,566.0,2021.0,23.0,57.0
284.0,567.0,2020.0,21.0,57.0
284.0,568.0,2019.0,49.0,57.0
285.0,569.0,2018.0,33.0,57.0
285.0,570.0,2021.0,37.0,57.0
286.0,571.0,2018.0,52.0,58.0
286.0,572.0,2020.0,32.0,58.0
287.0,573.0,2019.0,57.0,58.0
287.0,574.0,2020.0,44.0,58.0
288.0,575.0,2018.0,30.0,58.0
288.0,576.0,2020.0,41.0,58.0
289.0,577.0,2020.0,45.0,58.0
289.0,578.0,2020.0,43.0,58.0
290.0,579.0,2019.0,53.0,58.0
290.0,580.0,2020.0,36.0,58.0
291.0,581.0,2021.0,36.0,59.0
291.0,582.0,2019.0,42.0,59.0
292.0,583.0,2020.0,51.0,59.0
292.0,584.0,2019.0,23.0,59.0
293.0,585.0,2021.0,29.0,59.0
293.0,586.0,2019.0,51.0,59.0
294.0,587.0,2020.0,21.0,59.0
294.0,588.0,2021.0,52.0,59.0
295.0,589.0,2021.0,30.0,59.0
295.0,590.0,2018.0,20.0,59.0
296.0,591.0,2018.0,29.0,60.0
296.0,592.0,2019.0,46.0,60.0
297.0,593.0,2021.0,33.0,60.0
297.0,594.0,2020.0,36.0,60.0
298.0,595.0,2019.0,22.0,60.0
298.0,596.0,2020.0,31.0,60.0
299.0,597.0,2018.0,59.0,60.0
299.0,598.0,2021.0,33.0,60.0
300.0,599.0,2021.0,49.0,60.0
300.0,600.0,2019.0,44.0,60.0
301.0,601.0,2019.0,52.0,61.0
301.0,602.0,2018.0,29.0,61.0
302.0,603.0,2019.0,40.0,61.0
302.0,604.0,2021.0,50.0,61.0
303.0,605.0,2018.0,30.0,61.0
303.0,606.0,2018.0,52.0,61.0
304.0,607.0,2019.0,40.0,61.0
304.0,608.0,2021.0,25.0,61.0
305.0,609.0,2018.0,43.0,61.0
305.0,610.0,2019.0,26.0,61.0
306.0,611.0,2021.0,51.0,62.0
306.0,612.0,2018.0,26.0,62.0
307.0,613.0,2021.0,46.0,62.0
307.0,614.0,2018.0,44.0,62.0
308.0,615.0,2018.0,31.0,62.0
308.0,616.0,2018.0,53.0,62.0
309.0,617.0,2019.0,48.0,62.0
309.0,618.0,2019.0,24.0,62.0
310.0,619.0,2019.0,22.0,62.0
310.0,620.0,2021.0,24.0,62.0
311.0,621.0,2018.0,22.0,63.0
311.0,622.0,2019.0,22.0,63.0
312.0,623.0,2018.0,38.0,63.0
312.0,624.0,2021.0,24.0,63.0
313.0,625.0,2020.0,49.0,63.0
313.0,626.0,2018.0,56.0,63.0
314.0,627.0,2018.0,20.0,63.0
314.0,628.0,2020.0,35.0,63.0
315.0,629.0,2019.0,45.0,63.0
315.0,630.0,2020.0,52.0,63.0
316.0,631.0,2018.0,41.0,64.0
316.0,632.0,2021.0,23.0,64.0
317.0,633.0,2020.0,45.0,64.0
317.0,634.0,2020.0,41.0,64.0
318.0,635.0,2018.0,59.0,64.0
318.0,636.0,2021.0,32.0,64.0
319.0,637.0,2019.0,56.0,64.0
319.0,638.0,2021.0,47.0,64.0
320.0,639.0,2021.0,41.0,64.0
320.0,640.0,2019.0,36.0,64.0
321.0,641.0,2019.0,44.0,65.0
321.0,642.0,2021.0,52.0,65.0
322.0,643.0,2021.0,55.0,65.0
322.0,644.0,2018.0,50.0,65.0
323.0,645.0,2019.0,21.0,65.0
323.0,646.0,2019.0,50.0,65.0
324.0,647.0,2021.0,24.0,65.0
324.0,648.0,2021.0,29.0,65.0
325.0,649.0,2019.0,30.0,65.0
325.0,650.0,2020.0,39.0,65.0
326.0,651.0,2020.0,37.0,66.0
326.0,652.0,2019.0,23.0,66.0
327.0,653.0,2019.0,21.0,66.0
327.0,654.0,2019.0,58.0,66.0
328.0,655.0,2019.0,31.0,66.0
328.0,656.0,2020.0,51.0,66.0
329.0,657.0,2019.0,51.0,66.0
329.0,658.0,2018.0,28.0,66.0
330.0,659.0,2019.0,37.0,66.0
330.0,660.0,2018.0,48.0,66.0
331.0,661.0,2020.0,56.0,67.0
331.0,662.0,2019.0,53.0,67.0
332.0,663.0,2019.0,44.0,67.0
332.0,664.0,2018.0,24.0,67.0
333.0,665.0,2021.0,30.0,67.0
333.0,666.0,2020.0,53.0,67.0
334.0,667.0,2020.0,50.0,67.0
334.0,668.0,2019.0,37.0,67.0
335.0,669.0,2018.0,32.0,67.0
335.0,670.0,2018.0,27.0,67.0
336.0,671.0,2020.0,47.0,68.0
336.0,672.0,2020.0,23.0,68.0
337.0,673.0,2020.0,32.0,68.0
337.0,674.0,2019.0,41.0,68.0
338.0,675.0,2018.0,48.0,68.0
338.0,676.0,2018.0,52.0,68.0
339.0,677.0,2018.0,20.0,68.0
339.0,678.0,2019.0,44.0,68.0
340.0,679.0,2020.0,22.0,68.0
340.0,680.0,2021.0,36.0,68.0
341.0,681.0,2021.0,21.0,69.0
341.0,682.0,2019.0,33.0,69.0
342.0,683.0,2018.0,27.0,69.0
342.0,684.0,2019.0,52.0,69.0
343.0,685.0,2020.0,31.0,69.0
343.0,686.0,2020.0,35.0,69.0
344.0,687.0,2021.0,59.0,69.0
344.0,688.0,2020.0,42.0,69.0
345.0,689.0,2020.0,21.0,69.0
345.0,690.0,2020.0,20.0,69.0
346.0,691.0,2018.0,52.0,70.0
346.0,692.0,2020.0,37.0,70.0
347.0,693.0,2018.0,24.0,70.0
347.0,694.0,2020.0,37.0,70.0
348.0,695.0,2021.0,55.0,70.0
348.0,696.0,2020.0,55.0,70.0
349.0,697.0,2019.0,42.0,70.0
349.0,698.0,2018.0,35.0,70.0
350.0,699.0,2020.0,30.0,70.0
350.0,700.0,2018.0,41.0,70.0
351.0,701.0,2021.0,24.0,71.0
351.0,702.0,2018.0,32.0,71.0
352.0,703.0,2018.0,45.0,71.0
352.0,704.0,2019.0,40.0,71.0
353.0,705.0,2018.0,42.0,71.0
353.0,706.0,2018.0,24.0,71.0
354.0,707.0,2021.0,28.0,71.0
354.0,708.0,2019.0,45.0,71.0
355.0,709.0,2019.0,28.0,71.0
355.0,710.0,2019.0,31.0,71.0
356.0,711.0,2020.0,28.0,72.0
356.0,712.0,2021.0,44.0,72.0
357.0,713.0,2020.0,50.0,72.0
357.0,714.0,2018.0,50.0,72.0
358.0,715.0,2019.0,43.0,72.0
358.0,716.0,2019.0,32.0,72.0
359.0,717.0,2021.0,38.0,72.0
359.0,718.0,2019.0,43.0,72.0
360.0,719.0,2020.0,38.0,72.0
360.0,720.0,2018.0,24.0,72.0
361.0,721.0,2021.0,22.0,73.0
361.0,722.0,2021.0,39.0,73.0
362.0,723.0,2018.0,41.0,73.0
362.0,724.0,2018.0,54.0,73.0
363.0,725.0,2021.0,49.0,73.0
363.0,726.0,2020.0,22.0,73.0
364.0,727.0,2019.0,59.0,73.0
364.0,728.0,2020.0,58.0,73.0
365.0,729.0,2018.0,49.0,73.0
365.0,730.0,2021.0,47.0,73.0
366.0,731.0,2020.0,20.0,74.0
366.0,732.0,2018.0,42.0,74.0
367.0,733.0,2019.0,57.0,74.0
367.0,734.0,2018.0,22.0,74.0
368.0,735.0,2020.0,21.0,74.0
368.0,736.0,2018.0,20.0,74.0
369.0,737.0,2020.0,21.0,74.0
369.0,738.0,2019.0,36.0,74.0
370.0,739.0,2021.0,32.0,74.0
370.0,740.0,2018.0,58.0,74.0
371.0,741.0,2019.0,31.0,75.0
371.0,742.0,2020.0,36.0,75.0
372.0,743.0,2018.0,45.0,75.0
372.0,744.0,2020.0,30.0,75.0
373.0,745.0,2020.0,34.0,75.0
373.0,746.0,2018.0,45.0,75.0
374.0,747.0,2020.0,29.0,75.0
374.0,748.0,2019.0,47.0,75.0
375.0,749.0,2018.0,26.0,75.0
375.0,750.0,2019.0,57.0,75.0
376.0,751.0,2019.0,23.0,76.0
376.0,752.0,2019.0,36.0,76.0
377.0,753.0,2019.0,38.0,76.0
377.0,754.0,2018.0,52.0,76.0
378.0,755.0,2021.0,59.0,76.0
378.0,756.0,2021.0,41.0,76.0
379.0,757.0,2018.0,23.0,76.0
379.0,758.0,2020.0,48.0,76.0
380.0,759.0,2018.0,26.0,76.0
380.0,760.0,2018.0,58.0,76.0
381.0,761.0,2020.0,42.0,77.0
381.0,762.0,2021.0,36.0,77.0
382.0,763.0,2018.0,36.0,77.0
382.0,764.0,2021.0,54.0,77.0
383.0,765.0,2018.0,58.0,77.0
383.0,766.0,2018.0,46.0,77.0
384.0,767.0,2021.0,38.0,77.0
384.0,768.0,2021.0,49.0,77.0
385.0,769.0,2018.0,20.0,77.0
385.0,770.0,2020.0,51.0,77.0
386.0,771.0,2021.0,45.0,78.0
386.0,772.0,2020.0,31.0,78.0
387.0,773.0,2021.0,23.0,78.0
387.0,774.0,2021.0,25.0,78.0
388.0,775.0,2021.0,27.0,78.0
388.0,776.0,2019.0,39.0,78.0
389.0,777.0,2019.0,59.0,78.0
389.0,778.0,2018.0,24.0,78.0
390.0,779.0,2021.0,44.0,78.0
390.0,780.0,2018.0,40.0,78.0
391.0,781.0,2019.0,37.0,79.0
391.0,782.0,2020.0,40.0,79.0
392.0,783.0,2019.0,37.0,79.0
392.0,784.0,2021.0,37.0,79.0
393.0,785.0,2018.0,23.0,79.0
393.0,786.0,2021.0,27.0,79.0
394.0,787.0,2021.0,49.0,79.0
394.0,788.0,2019.0,51.0,79.0
395.0,789.0,2021.0,58.0,79.0
395.0,790.0,2020.0,24.0,79.0
396.0,791.0,2021.0,51.0,80.0
396.0,792.0,2019.0,38.0,80.0
397.0,793.0,2018.0,46.0,80.0
397.0,794.0,2018.0,35.0,80.0
398.0,795.0,2018.0,58.0,80.0
398.0,796.0,2021.0,50.0,80.0
399.0,797.0,2019.0,24.0,80.0
399.0,798.0,2019.0,22.0,80.0
400.0,799.0,2021.0,27.0,80.0
400.0,800.0,2021.0,39.0,80.0
401.0,801.0,2021.0,45.0,81.0
401.0,802.0,2018.0,28.0,81.0
402.0,803.0,2019.0,59.0,81.0
402.0,804.0,2021.0,26.0,81.0
403.0,805.0,2020.0,20.0,81.0
403.0,806.0,2020.0,52.0,81.0
404.0,807.0,2020.0,29.0,81.0
404.0,808.0,2020.0,22.0,81.0
405.0,809.0,2018.0,36.0,81.0
405.0,810.0,2018.0,50.0,81.0
406.0,811.0,2018.0,56.0,82.0
406.0,812.0,2021.0,46.0,82.0
407.0,813.0,2020.0,44.0,82.0
407.0,814.0,2020.0,40.0,82.0
408.0,815.0,2019.0,47.0,82.0
408.0,816.0,2018.0,26.0,82.0
409.0,817.0,2020.0,48.0,82.0
409.0,818.0,2021.0,45.0,82.0
410.0,819.0,2020.0,57.0,82.0
410.0,820.0,2019.0,23.0,82.0
411.0,821.0,2021.0,59.0,83.0
411.0,822.0,2018.0,58.0,83.0
412.0,823.0,2019.0,33.0,83.0
412.0,824.0,2020.0,52.0,83.0
413.0,825.0,2020.0,30.0,83.0
413.0,826.0,2021.0,46.0,83.0
414.0,827.0,2021.0,55.0,83.0
414.0,828.0,2020.0,27.0,83.0
415.0,829.0,2020.0,59.0,83.0
415.0,830.0,2018.0,55.0,83.0
416.0,831.0,2021.0,43.0,84.0
416.0,832.0,2018.0,27.0,84.0
417.0,833.0,2021.0,37.0,84.0
417.0,834.0,2018.0,20.0,84.0
418.0,835.0,2021.0,41.0,84.0
418.0,836.0,2019.0,37.0,84.0
419.0,837.0,2019.0,24.0,84.0
419.0,838.0,2020.0,44.0,84.0
420.0,839.0,2019.0,24.0,84.0
420.0,840.0,2020.0,48.0,84.0
421.0,841.0,2021.0,42.0,85.0
421.0,842.0,2019.0,43.0,85.0
422.0,843.0,2018.0,20.0,85.0
422.0,844.0,2021.0,54.0,85.0
423.0,845.0,2020.0,29.0,85.0
423.0,846.0,2019.0,29.0,85.0
424.0,847.0,2020.0,48.0,85.0
424.0,848.0,2020.0,24.0,85.0
425.0,849.0,2019.0,55.0,85.0
425.0,850.0,2018.0,47.0,85.0
426.0,851.0,2020.0,21.0,86.0
426.0,852.0,2021.0,53.0,86.0
427.0,853.0,2019.0,33.0,86.0
427.0,854.0,2020.0,43.0,86.0
428.0,855.0,2019.0,58.0,86.0
428.0,856.0,2018.0,57.0,86.0
429.0,857.0,2021.0,45.0,86.0
429.0,858.0,2019.0,50.0,86.0
430.0,859.0,2021.0,58.0,86.0
430.0,860.0,2018.0,24.0,86.0
431.0,861.0,2019.0,52.0,87.0
431.0,862.0,2021.0,29.0,87.0
432.0,863.0,2019.0,45.0,87.0
432.0,864.0,2018.0,34.0,87.0
433.0,865.0,2020.0,37.0,87.0
433.0,866.0,2021.0,48.0,87.0
434.0,867.0,2018.0,34.0,87.0
434.0,868.0,2019.0,41.0,87.0
435.0,869.0,2018.0,32.0,87.0
435.0,870.0,2018.0,36.0,87.0
436.0,871.0,2020.0,59.0,88.0
436.0,872.0,2018.0,53.0,88.0
437.0,873.0,2020.0,50.0,88.0
437.0,874.0,2020.0,42.0,88.0
438.0,875.0,2018.0,48.0,88.0
438.0,876.0,2021.0,59.0,88.0
439.0,877.0,2019.0,29.0,88.0
439.0,878.0,2019.0,31.0,88.0
440.0,879.0,2021.0,45.0,88.0
440.0,880.0,2021.0,38.0,88.0
441.0,881.0,2019.0,44.0,89.0
441.0,882.0,2019.0,22.0,89.0
442.0,883.0,2018.0,33.0,89.0
442.0,884.0,2019.0,40.0,89.0
443.0,885.0,2018.0,50.0,89.0
443.0,886.0,2018.0,43.0,89.0
444.0,887.0,2021.0,21.0,89.0
444.0,888.0,2020.0,29.0,89.0
445.0,889.0,2021.0,44.0,89.0
445.0,890.0,2018.0,36.0,89.0
446.0,891.0,2019.0,53.0,90.0
446.0,892.0,2020.0,32.0,90.0
447.0,893.0,2021.0,22.0,90.0
447.0,894.0,2020.0,35.0,90.0
448.0,895.0,2020.0,51.0,90.0
448.0,896.0,2021.0,24.0,90.0
449.0,897.0,2019.0,31.0,90.0
449.0,898.0,2019.0,34.0,90.0
450.0,899.0,2019.0,50.0,90.0
450.0,900.0,2019.0,40.0,90.0
451.0,901.0,2020.0,48.0,91.0
451.0,902.0,2021.0,38.0,91.0
452.0,903.0,2021.0,35.0,91.0
452.0,904.0,2021.0,22.0,91.0
453.0,905.0,2020.0,58.0,91.0
453.0,906.0,2021.0,58.0,91.0
454.0,907.0,2020.0,37.0,91.0
454.0,908.0,2020.0,47.0,91.0
455.0,909.0,2018.0,32.0,91.0
455.0,910.0,2021.0,31.0,91.0
456.0,911.0,2021.0,27.0,92.0
456.0,912.0,2021.0,48.0,92.0
457.0,913.0,2021.0,31.0,92.0
457.0,914.0,2018.0,34.0,92.0
458.0,915.0,2020.0,29.0,92.0
458.0,916.0,2018.0,25.0,92.0
459.0,917.0,2018.0,46.0,92.0
459.0,918.0,2019.0,29.0,92.0
460.0,919.0,2018.0,29.0,92.0
460.0,920.0,2021.0,32.0,92.0
461.0,921.0,2018.0,23.0,93.0
461.0,922.0,2019.0,56.0,93.0
462.0,923.0,2020.0,21.0,93.0
462.0,924.0,2020.0,37.0,93.0
463.0,925.0,2019.0,49.0,93.0
463.0,926.0,2018.0,54.0,93.0
464.0,927.0,2021.0,56.0,93.0
464.0,928.0,2021.0,42.0,93.0
465.0,929.0,2020.0,25.0,93.0
465.0,930.0,2020.0,29.0,93.0
466.0,931.0,2018.0,44.0,94.0
466.0,932.0,2021.0,30.0,94.0
467.0,933.0,2019.0,47.0,94.0
467.0,934.0,2020.0,31.0,94.0
468.0,935.0,2020.0,51.0,94.0
468.0,936.0,2020.0,26.0,94.0
469.0,937.0,2018.0,26.0,94.0
469.0,938.0,2020.0,23.0,94.0
470.0,939.0,2020.0,43.0,94.0
470.0,940.0,2018.0,34.0,94.0
471.0,941.0,2020.0,22.0,95.0
471.0,942.0,2020.0,41.0,95.0
472.0,943.0,2021.0,44.0,95.0
472.0,944.0,2019.0,21.0,95.0
473.0,945.0,2020.0,56.0,95.0
473.0,946.0,2020.0,43.0,95.0
474.0,947.0,2018.0,29.0,95.0
474.0,948.0,2019.0,49.0,95.0
475.0,949.0,2020.0,55.0,95.0
475.0,950.0,2021.0,23.0,95.0
476.0,951.0,2021.0,23.0,96.0
476.0,952.0,2019.0,20.0,96.0
477.0,953.0,2019.0,26.0,96.0
477.0,954.0,2019.0,30.0,96.0
478.0,955.0,2020.0,35.0,96.0
478.0,956.0,2019.0,26.0,96.0
479.0,957.0,2019.0,42.0,96.0
479.0,958.0,2021.0,20.0,96.0
480.0,959.0,2019.0,22.0,96.0
480.0,960.0,2020.0,42.0,96.0
481.0,961.0,2019.0,26.0,97.0
481.0,962.0,2018.0,37.0,97.0
482.0,963.0,2020.0,49.0,97.0
482.0,964.0,2021.0,54.0,97.0
483.0,965.0,2018.0,50.0,97.0
483.0,966.0,2019.0,29.0,97.0
484.0,967.0,2021.0,48.0,97.0
484.0,968.0,2020.0,59.0,97.0
485.0,969.0,2019.0,36.0,97.0
485.0,970.0,2020.0,29.0,97.0
486.0,971.0,2020.0,48.0,98.0
486.0,972.0,2020.0,52.0,98.0
487.0,973.0,2018.0,34.0,98.0
487.0,974.0,2020.0,52.0,98.0
488.0,975.0,2019.0,53.0,98.0
488.0,976.0,2021.0,34.0,98.0
489.0,977.0,2019.0,49.0,98.0
489.0,978.0,2021.0,45.0,98.0
490.0,979.0,2021.0,47.0,98.0
490.0,980.0,2018.0,39.0,98.0
491.0,981.0,2019.0,30.0,99.0
491.0,982.0,2020.0,36.0,99.0
492.0,983.0,2018.0,23.0,99.0
492.0,984.0,2021.0,32.0,99.0
493.0,985.0,2019.0,38.0,99.0
493.0,986.0,2019.0,26.0,99.0
494.0,987.0,2020.0,47.0,99.0
494.0,988.0,2018.0,56.0,99.0
495.0,989.0,2021.0,42.0,99.0
495.0,990.0,2021.0,51.0,99.0
496.0,991.0,2018.0,39.0,100.0
496.0,992.0,2018.0,27.0,100.0
497.0,993.0,2020.0,58.0,100.0
497.0,994.0,2019.0,45.0,100.0
498.0,995.0,2021.0,25.0,100.0
498.0,996.0,2021.0,41.0,100.0
499.0,997.0,2019.0,25.0,100.0
499.0,998.0,2019.0,35.0,100.0
500.0,999.0,2021.0,55.0,100.0
500.0,1000.0,2020.0,44.0,100.0
501.0,1001.0,2018.0,28.0,101.0
501.0,1002.0,2021.0,45.0,101.0
502.0,1003.0,2021.0,56.0,101.0
502.0,1004.0,2019.0,55.0,101.0
503.0,1005.0,2021.0,43.0,101.0
503.0,1006.0,2020.0,59.0,101.0
504.0,1007.0,2020.0,58.0,101.0
504.0,1008.0,2021.0,44.0,101.0
505.0,1009.0,2019.0,37.0,101.0
505.0,1010.0,2019.0,43.0,101.0
506.0,1011.0,2021.0,45.0,102.0
506.0,1012.0,2019.0,40.0,102.0
507.0,1013.0,2021.0,31.0,102.0
507.0,1014.0,2021.0,44.0,102.0
508.0,1015.0,2020.0,20.0,102.0
508.0,1016.0,2019.0,34.0,102.0
509.0,1017.0,2019.0,52.0,102.0
509.0,1018.0,2018.0,24.0,102.0
510.0,1019.0,2020.0,43.0,102.0
510.0,1020.0,2021.0,43.0,102.0
511.0,1021.0,2018.0,42.0,103.0
511.0,1022.0,2020.0,23.0,103.0
512.0,1023.0,2020.0,25.0,103.0
512.0,1024.0,2019.0,28.0,103.0
513.0,1025.0,2020.0,58.0,103.0
513.0,1026.0,2021.0,33.0,103.0
514.0,1027.0,2021.0,40.0,103.0
514.0,1028.0,2021.0,57.0,103.0
515.0,1029.0,2021.0,26.0,103.0
515.0,1030.0,2020.0,29.0,103.0
516.0,1031.0,2019.0,21.0,104.0
516.0,1032.0,2020.0,43.0,104.0
517.0,1033.0,2018.0,37.0,104.0
517.0,1034.0,2020.0,29.0,104.0
518.0,1035.0,2019.0,41.0,104.0
518.0,1036.0,2018.0,55.0,104.0
519.0,1037.0,2020.0,21.0,104.0
519.0,1038.0,2021.0,59.0,104.0
520.0,1039.0,2018.0,34.0,104.0
520.0,1040.0,2019.0,22.0,104.0
521.0,1041.0,2018.0,44.0,105.0
521.0,1042.0,2018.0,49.0,105.0
522.0,1043.0,2021.0,33.0,105.0
522.0,1044.0,2018.0,28.0,105.0
523.0,1045.0,2018.0,20.0,105.0
523.0,1046.0,2019.0,29.0,105.0
524.0,1047.0,2019.0,53.0,105.0
524.0,1048.0,2021.0,50.0,105.0
525.0,1049.0,2020.0,31.0,105.0
525.0,1050.0,2021.0,26.0,105.0
526.0,1051.0,2019.0,48.0,106.0
526.0,1052.0,2019.0,37.0,106.0
527.0,1053.0,2019.0,37.0,106.0
527.0,1054.0,2020.0,25.0,106.0
528.0,1055.0,2020.0,52.0,106.0
528.0,1056.0,2020.0,49.0,106.0
529.0,1057.0,2021.0,47.0,106.0
529.0,1058.0,2021.0,54.0,106.0
530.0,1059.0,2021.0,30.0,106.0
530.0,1060.0,2018.0,22.0,106.0
531.0,1061.0,2019.0,25.0,107.0
531.0,1062.0,2019.0,58.0,107.0
532.0,1063.0,2021.0,29.0,107.0
532.0,1064.0,2021.0,21.0,107.0
533.0,1065.0,2018.0,21.0,107.0
533.0,1066.0,2021.0,43.0,107.0
534.0,1067.0,2018.0,41.0,107.0
534.0,1068.0,2021.0,40.0,107.0
535.0,1069.0,2019.0,51.0,107.0
535.0,1070.0,2021.0,26.0,107.0
536.0,1071.0,2019.0,52.0,108.0
536.0,1072.0,2020.0,52.0,108.0
537.0,1073.0,2020.0,44.0,108.0
537.0,1074.0,2019.0,23.0,108.0
538.0,1075.0,2021.0,24.0,108.0
538.0,1076.0,2018.0,25.0,108.0
539.0,1077.0,2021.0,52.0,108.0
539.0,1078.0,2019.0,52.0,108.0
540.0,1079.0,2021.0,22.0,108.0
540.0,1080.0,2019.0,40.0,108.0
541.0,1081.0,2021.0,57.0,109.0
541.0,1082.0,2020.0,49.0,109.0
542.0,1083.0,2020.0,25.0,109.0
542.0,1084.0,2020.0,48.0,109.0
543.0,1085.0,2019.0,29.0,109.0
543.0,1086.0,2018.0,36.0,109.0
544.0,1087.0,2018.0,30.0,109.0
544.0,1088.0,2021.0,21.0,109.0
545.0,1089.0,2018.0,34.0,109.0
545.0,1090.0,2020.0,20.0,109.0
546.0,1091.0,2021.0,30.0,110.0
546.0,1092.0,2021.0,42.0,110.0
547.0,1093.0,2020.0,32.0,110.0
547.0,1094.0,2020.0,48.0,110.0
548.0,1095.0,2021.0,55.0,110.0
548.0,1096.0,2019.0,42.0,110.0
549.0,1097.0,2019.0,48.0,110.0
549.0,1098.0,2018.0,22.0,110.0
550.0,1099.0,2021.0,42.0,110.0
550.0,1100.0,2018.0,20.0,110.0
551.0,1101.0,2019.0,43.0,111.0
551.0,1102.0,2021.0,38.0,111.0
552.0,1103.0,2019.0,47.0,111.0
552.0,1104.0,2020.0,37.0,111.0
553.0,1105.0,2018.0,54.0,111.0
553.0,1106.0,2021.0,25.0,111.0
554.0,1107.0,2020.0,50.0,111.0
554.0,1108.0,2020.0,30.0,111.0
555.0,1109.0,2020.0,49.0,111.0
555.0,1110.0,2020.0,25.0,111.0
556.0,1111.0,2018.0,27.0,112.0
556.0,1112.0,2019.0,29.0,112.0
557.0,1113.0,2018.0,45.0,112.0
557.0,1114.0,2019.0,32.0,112.0
558.0,1115.0,2020.0,28.0,112.0
558.0,1116.0,2020.0,27.0,112.0
559.0,1117.0,2018.0,21.0,112.0
559.0,1118.0,2018.0,45.0,112.0
560.0,1119.0,2019.0,51.0,112.0
560.0,1120.0,2021.0,40.0,112.0
561.0,1121.0,2021.0,58.0,113.0
561.0,1122.0,2021.0,40.0,113.0
562.0,1123.0,2021.0,43.0,113.0
562.0,1124.0,2021.0,33.0,113.0
563.0,1125.0,2018.0,42.0,113.0
563.0,1126.0,2021.0,28.0,113.0
564.0,1127.0,2018.0,42.0,113.0
564.0,1128.0,2020.0,40.0,113.0
565.0,1129.0,2021.0,39.0,113.0
565.0,1130.0,2018.0,35.0,113.0
566.0,1131.0,2021.0,52.0,114.0
566.0,1132.0,2020.0,39.0,114.0
567.0,1133.0,2021.0,47.0,114.0
567.0,1134.0,2018.0,32.0,114.0
568.0,1135.0,2018.0,51.0,114.0
568.0,1136.0,2018.0,35.0,114.0
569.0,1137.0,2021.0,31.0,114.0
569.0,1138.0,2019.0,44.0,114.0
570.0,1139.0,2021.0,33.0,114.0
570.0,1140.0,2018.0,42.0,114.0
571.0,1141.0,2018.0,55.0,115.0
571.0,1142.0,2019.0,23.0,115.0
572.0,1143.0,2021.0,58.0,115.0
572.0,1144.0,2021.0,50.0,115.0
573.0,1145.0,2021.0,20.0,115.0
573.0,1146.0,2021.0,41.0,115.0
574.0,1147.0,2020.0,32.0,115.0
574.0,1148.0,2018.0,46.0,115.0
575.0,1149.0,2021.0,57.0,115.0
575.0,1150.0,2018.0,43.0,115.0
576.0,1151.0,2019.0,34.0,116.0
576.0,1152.0,2019.0,57.0,116.0
577.0,1153.0,2019.0,55.0,116.0
577.0,1154.0,2018.0,26.0,116.0
578.0,1155.0,2020.0,31.0,116.0
578.0,1156.0,2020.0,28.0,116.0
579.0,1157.0,2018.0,52.0,116.0
579.0,1158.0,2021.0,55.0,116.0
580.0,1159.0,2020.0,51.0,116.0
580.0,1160.0,2019.0,57.0,116.0
581.0,1161.0,2021.0,43.0,117.0
581.0,1162.0,2019.0,30.0,117.0
582.0,1163.0,2021.0,57.0,117.0
582.0,1164.0,2019.0,37.0,117.0
583.0,1165.0,2020.0,36.0,117.0
583.0,1166.0,2019.0,37.0,117.0
584.0,1167.0,2020.0,54.0,117.0
584.0,1168.0,2020.0,33.0,117.0
585.0,1169.0,2020.0,22.0,117.0
585.0,1170.0,2021.0,24.0,117.0
586.0,1171.0,2019.0,52.0,118.0
586.0,1172.0,2020.0,22.0,118.0
587.0,1173.0,2021.0,42.0,118.0
587.0,1174.0,2018.0,23.0,118.0
588.0,1175.0,2019.0,32.0,118.0
588.0,1176.0,2021.0,22.0,118.0
589.0,1177.0,2020.0,54.0,118.0
589.0,1178.0,2018.0,47.0,118.0
590.0,1179.0,2020.0,47.0,118.0
590.0,1180.0,2019.0,56.0,118.0
591.0,1181.0,2019.0,51.0,119.0
591.0,1182.0,2018.0,43.0,119.0
592.0,1183.0,2019.0,36.0,119.0
592.0,1184.0,2019.0,36.0,119.0
593.0,1185.0,2020.0,32.0,119.0
593.0,1186.0,2018.0,20.0,119.0
594.0,1187.0,2018.0,23.0,119.0
594.0,1188.0,2019.0,49.0,119.0
595.0,1189.0,2019.0,34.0,119.0
595.0,1190.0,2020.0,37.0,119.0
596.0,1191.0,2021.0,50.0,120.0
596.0,1192.0,2020.0,59.0,120.0
597.0,1193.0,2021.0,58.0,120.0
597.0,1194.0,2021.0,59.0,120.0
598.0,1195.0,2019.0,58.0,120.0
598.0,1196.0,2018.0,47.0,120.0
599.0,1197.0,2018.0,58.0,120.0
599.0,1198.0,2019.0,51.0,120.0
600.0,1199.0,2019.0,31.0,120.0
600.0,1200.0,2019.0,52.0,120.0
601.0,1201.0,2018.0,41.0,121.0
601.0,1202.0,2019.0,59.0,121.0
602.0,1203.0,2021.0,50.0,121.0
602.0,1204.0,2020.0,49.0,121.0
603.0,1205.0,2019.0,47.0,121.0
603.0,1206.0,2019.0,48.0,121.0
604.0,1207.0,2019.0,48.0,121.0
604.0,1208.0,2020.0,51.0,121.0
605.0,1209.0,2020.0,33.0,121.0
605.0,1210.0,2020.0,52.0,121.0
606.0,1211.0,2020.0,46.0,122.0
606.0,1212.0,2019.0,24.0,122.0
607.0,1213.0,2019.0,54.0,122.0
607.0,1214.0,2021.0,53.0,122.0
608.0,1215.0,2021.0,20.0,122.0
608.0,1216.0,2019.0,21.0,122.0
609.0,1217.0,2018.0,45.0,122.0
609.0,1218.0,2018.0,45.0,122.0
610.0,1219.0,2019.0,20.0,122.0
610.0,1220.0,2018.0,41.0,122.0
611.0,1221.0,2018.0,51.0,123.0
611.0,1222.0,2021.0,38.0,123.0
612.0,1223.0,2019.0,26.0,123.0
612.0,1224.0,2020.0,31.0,123.0
613.0,1225.0,2018.0,29.0,123.0
613.0,1226.0,2020.0,23.0,123.0
614.0,1227.0,2019.0,37.0,123.0
614.0,1228.0,2021.0,25.0,123.0
615.0,1229.0,2020.0,31.0,123.0
615.0,1230.0,2020.0,42.0,123.0
616.0,1231.0,2019.0,37.0,124.0
616.0,1232.0,2018.0,39.0,124.0
617.0,1233.0,2020.0,32.0,124.0
617.0,1234.0,2020.0,24.0,124.0
618.0,1235.0,2021.0,36.0,124.0
618.0,1236.0,2020.0,28.0,124.0
619.0,1237.0,2021.0,35.0,124.0
619.0,1238.0,2019.0,21.0,124.0
620.0,1239.0,2021.0,46.0,124.0
620.0,1240.0,2019.0,33.0,124.0
621.0,1241.0,2019.0,48.0,125.0
621.0,1242.0,2019.0,51.0,125.0
622.0,1243.0,2019.0,59.0,125.0
622.0,1244.0,2020.0,33.0,125.0
623.0,1245.0,2021.0,33.0,125.0
623.0,1246.0,2021.0,59.0,125.0
624.0,1247.0,2020.0,38.0,125.0
624.0,1248.0,2018.0,38.0,125.0
625.0,1249.0,2019.0,25.0,125.0
625.0,1250.0,2020.0,51.0,125.0
626.0,1251.0,2019.0,31.0,126.0
626.0,1252.0,2020.0,48.0,126.0
627.0,1253.0,2020.0,34.0,126.0
627.0,1254.0,2021.0,21.0,126.0
628.0,1255.0,2019.0,50.0,126.0
628.0,1256.0,2021.0,23.0,126.0
629.0,1257.0,2020.0,37.0,126.0
629.0,1258.0,2018.0,22.0,126.0
630.0,1259.0,2021.0,41.0,126.0
630.0,1260.0,2020.0,24.0,126.0
631.0,1261.0,2019.0,46.0,127.0
631.0,1262.0,2020.0,51.0,127.0
632.0,1263.0,2021.0,35.0,127.0
632.0,1264.0,2020.0,33.0,127.0
633.0,1265.0,2019.0,36.0,127.0
633.0,1266.0,2021.0,51.0,127.0
634.0,1267.0,2021.0,46.0,127.0
634.0,1268.0,2021.0,49.0,127.0
635.0,1269.0,2021.0,51.0,127.0
635.0,1270.0,2021.0,23.0,127.0
636.0,1271.0,2019.0,41.0,128.0
636.0,1272.0,2018.0,20.0,128.0
637.0,1273.0,2021.0,24.0,128.0
637.0,1274.0,2018.0,56.0,128.0
638.0,1275.0,2021.0,20.0,128.0
638.0,1276.0,2019.0,24.0,128.0
639.0,1277.0,2018.0,46.0,128.0
639.0,1278.0,2019.0,38.0,128.0
640.0,1279.0,2019.0,46.0,128.0
640.0,1280.0,2021.0,37.0,128.0
641.0,1281.0,2019.0,47.0,129.0
641.0,1282.0,2019.0,43.0,129.0
642.0,1283.0,2018.0,46.0,129.0
642.0,1284.0,2018.0,42.0,129.0
643.0,1285.0,2021.0,39.0,129.0
643.0,1286.0,2019.0,59.0,129.0
644.0,1287.0,2020.0,24.0,129.0
644.0,1288.0,2020.0,28.0,129.0
645.0,1289.0,2021.0,40.0,129.0
645.0,1290.0,2021.0,46.0,129.0
646.0,1291.0,2019.0,59.0,130.0
646.0,1292.0,2018.0,20.0,130.0
647.0,1293.0,2018.0,34.0,130.0
647.0,1294.0,2020.0,50.0,130.0
648.0,1295.0,2020.0,49.0,130.0
648.0,1296.0,2020.0,44.0,130.0
649.0,1297.0,2021.0,29.0,130.0
649.0,1298.0,2020.0,33.0,130.0
650.0,1299.0,2021.0,43.0,130.0
650.0,1300.0,2021.0,40.0,130.0
651.0,1301.0,2021.0,39.0,131.0
651.0,1302.0,2020.0,27.0,131.0
652.0,1303.0,2018.0,58.0,131.0
652.0,1304.0,2019.0,33.0,131.0
653.0,1305.0,2019.0,28.0,131.0
653.0,1306.0,2021.0,44.0,131.0
654.0,1307.0,2019.0,36.0,131.0
654.0,1308.0,2021.0,50.0,131.0
655.0,1309.0,2021.0,38.0,131.0
655.0,1310.0,2020.0,28.0,131.0
656.0,1311.0,2018.0,21.0,132.0
656.0,1312.0,2019.0,50.0,132.0
657.0,1313.0,2020.0,28.0,132.0
657.0,1314.0,2018.0,28.0,132.0
658.0,1315.0,2019.0,35.0,132.0
658.0,1316.0,2018.0,40.0,132.0
659.0,1317.0,2020.0,51.0,132.0
659.0,1318.0,2019.0,32.0,132.0
660.0,1319.0,2018.0,25.0,132.0
660.0,1320.0,2020.0,31.0,132.0
661.0,1321.0,2018.0,27.0,133.0
661.0,1322.0,2018.0,30.0,133.0
662.0,1323.0,2018.0,48.0,133.0
662.0,1324.0,2020.0,33.0,133.0
663.0,1325.0,2019.0,40.0,133.0
663.0,1326.0,2020.0,24.0,133.0
664.0,1327.0,2021.0,54.0,133.0
664.0,1328.0,2018.0,34.0,133.0
665.0,1329.0,2019.0,49.0,133.0
665.0,1330.0,2020.0,42.0,133.0
666.0,1331.0,2021.0,28.0,134.0
666.0,1332.0,2018.0,42.0,134.0
667.0,1333.0,2021.0,41.0,134.0
667.0,1334.0,2019.0,22.0,134.0
668.0,1335.0,2020.0,44.0,134.0
668.0,1336.0,2019.0,23.0,134.0
669.0,1337.0,2020.0,20.0,134.0
669.0,1338.0,2020.0,39.0,134.0
670.0,1339.0,2018.0,25.0,134.0
670.0,1340.0,2021.0,52.0,134.0
671.0,1341.0,2019.0,24.0,135.0
671.0,1342.0,2020.0,44.0,135.0
672.0,1343.0,2018.0,48.0,135.0
672.0,1344.0,2018.0,52.0,135.0
673.0,1345.0,2019.0,34.0,135.0
673.0,1346.0,2021.0,24.0,135.0
674.0,1347.0,2020.0,42.0,135.0
674.0,1348.0,2020.0,59.0,135.0
675.0,1349.0,2018.0,40.0,135.0
675.0,1350.0,2018.0,57.0,135.0
676.0,1351.0,2020.0,47.0,136.0
676.0,1352.0,2021.0,39.0,136.0
677.0,1353.0,2020.0,22.0,136.0
677.0,1354.0,2020.0,49.0,136.0
678.0,1355.0,2020.0,20.0,136.0
678.0,1356.0,2019.0,28.0,136.0
679.0,1357.0,2019.0,51.0,136.0
679.0,1358.0,2018.0,32.0,136.0
680.0,1359.0,2020.0,42.0,136.0
680.0,1360.0,2020.0,53.0,136.0
681.0,1361.0,2018.0,27.0,137.0
681.0,1362.0,2021.0,50.0,137.0
682.0,1363.0,2019.0,46.0,137.0
682.0,1364.0,2021.0,37.0,137.0
683.0,1365.0,2019.0,57.0,137.0
683.0,1366.0,2019.0,37.0,137.0
684.0,1367.0,2018.0,23.0,137.0
684.0,1368.0,2018.0,41.0,137.0
685.0,1369.0,2020.0,39.0,137.0
685.0,1370.0,2020.0,41.0,137.0
686.0,1371.0,2019.0,49.0,138.0
686.0,1372.0,2019.0,30.0,138.0
687.0,1373.0,2019.0,51.0,138.0
687.0,1374.0,2018.0,59.0,138.0
688.0,1375.0,2018.0,29.0,138.0
688.0,1376.0,2020.0,33.0,138.0
689.0,1377.0,2020.0,31.0,138.0
689.0,1378.0,2020.0,31.0,138.0
690.0,1379.0,2021.0,51.0,138.0
690.0,1380.0,2020.0,22.0,138.0
691.0,1381.0,2021.0,30.0,139.0
691.0,1382.0,2018.0,47.0,139.0
692.0,1383.0,2021.0,54.0,139.0
692.0,1384.0,2019.0,21.0,139.0
693.0,1385.0,2021.0,37.0,139.0
693.0,1386.0,2018.0,45.0,139.0
694.0,1387.0,2020.0,50.0,139.0
694.0,1388.0,2019.0,30.0,139.0
695.0,1389.0,2019.0,31.0,139.0
695.0,1390.0,2019.0,31.0,139.0
696.0,1391.0,2020.0,48.0,140.0
696.0,1392.0,2018.0,50.0,140.0
697.0,1393.0,2019.0,38.0,140.0
697.0,1394.0,2020.0,23.0,140.0
698.0,1395.0,2019.0,21.0,140.0
698.0,1396.0,2021.0,26.0,140.0
699.0,1397.0,2019.0,34.0,140.0
699.0,1398.0,2021.0,39.0,140.0
700.0,1399.0,2021.0,54.0,140.0
700.0,1400.0,2021.0,45.0,140.0
701.0,1401.0,2018.0,43.0,141.0
701.0,1402.0,2021.0,44.0,141.0
702.0,1403.0,2018.0,20.0,141.0
702.0,1404.0,2020.0,57.0,141.0
703.0,1405.0,2018.0,28.0,141.0
703.0,1406.0,2020.0,32.0,141.0
704.0,1407.0,2020.0,40.0,141.0
704.0,1408.0,2020.0,54.0,141.0
705.0,1409.0,2021.0,42.0,141.0
705.0,1410.0,2021.0,23.0,141.0
706.0,1411.0,2021.0,45.0,142.0
706.0,1412.0,2020.0,22.0,142.0
707.0,1413.0,2020.0,52.0,142.0
707.0,1414.0,2019.0,30.0,142.0
708.0,1415.0,2018.0,21.0,142.0
708.0,1416.0,2020.0,38.0,142.0
709.0,1417.0,2019.0,55.0,142.0
709.0,1418.0,2018.0,49.0,142.0
710.0,1419.0,2021.0,56.0,142.0
710.0,1420.0,2020.0,38.0,142.0
711.0,1421.0,2020.0,20.0,143.0
711.0,1422.0,2019.0,24.0,143.0
712.0,1423.0,2020.0,54.0,143.0
712.0,1424.0,2021.0,38.0,143.0
713.0,1425.0,2020.0,46.0,143.0
713.0,1426.0,2020.0,45.0,143.0
714.0,1427.0,2018.0,36.0,143.0
714.0,1428.0,2021.0,59.0,143.0
715.0,1429.0,2018.0,45.0,143.0
715.0,1430.0,2019.0,29.0,143.0
716.0,1431.0,2019.0,34.0,144.0
716.0,1432.0,2018.0,31.0,144.0
717.0,1433.0,2018.0,53.0,144.0
717.0,1434.0,2018.0,55.0,144.0
718.0,1435.0,2021.0,25.0,144.0
718.0,1436.0,2018.0,34.0,144.0
719.0,1437.0,2018.0,33.0,144.0
719.0,1438.0,2018.0,34.0,144.0
720.0,1439.0,2021.0,52.0,144.0
720.0,1440.0,2020.0,56.0,144.0
721.0,1441.0,2019.0,55.0,145.0
721.0,1442.0,2021.0,45.0,145.0
722.0,1443.0,2021.0,54.0,145.0
722.0,1444.0,2020.0,35.0,145.0
723.0,1445.0,2018.0,37.0,145.0
723.0,1446.0,2018.0,54.0,145.0
724.0,1447.0,2018.0,21.0,145.0
724.0,1448.0,2021.0,42.0,145.0
725.0,1449.0,2020.0,56.0,145.0
725.0,1450.0,2019.0,45.0,145.0
726.0,1451.0,2019.0,57.0,146.0
726.0,1452.0,2018.0,53.0,146.0
727.0,1453.0,2021.0,23.0,146.0
727.0,1454.0,2021.0,26.0,146.0
728.0,1455.0,2020.0,50.0,146.0
728.0,1456.0,2020.0,22.0,146.0
729.0,1457.0,2018.0,38.0,146.0
729.0,1458.0,2021.0,46.0,146.0
730.0,1459.0,2018.0,52.0,146.0
730.0,1460.0,2020.0,53.0,146.0
731.0,1461.0,2021.0,23.0,147.0
731.0,1462.0,2021.0,48.0,147.0
732.0,1463.0,2018.0,22.0,147.0
732.0,1464.0,2020.0,26.0,147.0
733.0,1465.0,2020.0,34.0,147.0
733.0,1466.0,2019.0,37.0,147.0
734.0,1467.0,2021.0,40.0,147.0
734.0,1468.0,2018.0,48.0,147.0
735.0,1469.0,2018.0,51.0,147.0
735.0,1470.0,2019.0,55.0,147.0
736.0,1471.0,2019.0,23.0,148.0
736.0,1472.0,2018.0,49.0,148.0
737.0,1473.0,2018.0,42.0,148.0
737.0,1474.0,2020.0,20.0,148.0
738.0,1475.0,2019.0,28.0,148.0
738.0,1476.0,2020.0,23.0,148.0
739.0,1477.0,2019.0,47.0,148.0
739.0,1478.0,2018.0,47.0,148.0
740.0,1479.0,2018.0,38.0,148.0
740.0,1480.0,2020.0,44.0,148.0
741.0,1481.0,2018.0,31.0,149.0
741.0,1482.0,2020.0,47.0,149.0
742.0,1483.0,2021.0,52.0,149.0
742.0,1484.0,2020.0,52.0,149.0
743.0,1485.0,2019.0,53.0,149.0
743.0,1486.0,2021.0,55.0,149.0
744.0,1487.0,2019.0,44.0,149.0
744.0,1488.0,2018.0,59.0,149.0
745.0,1489.0,2021.0,23.0,149.0
745.0,1490.0,2021.0,30.0,149.0
746.0,1491.0,2021.0,22.0,150.0
746.0,1492.0,2021.0,32.0,150.0
747.0,1493.0,2018.0,45.0,150.0
747.0,1494.0,2018.0,39.0,150.0
748.0,1495.0,2021.0,54.0,150.0
748.0,1496.0,2018.0,38.0,150.0
749.0,1497.0,2021.0,56.0,150.0
749.0,1498.0,2019.0,27.0,150.0
750.0,1499.0,2019.0,30.0,150.0
750.0,1500.0,2020.0,49.0,150.0
751.0,1501.0,2018.0,49.0,151.0
751.0,1502.0,2019.0,53.0,151.0
752.0,1503.0,2020.0,29.0,151.0
752.0,1504.0,2021.0,21.0,151.0
753.0,1505.0,2018.0,32.0,151.0
753.0,1506.0,2019.0,47.0,151.0
754.0,1507.0,2021.0,42.0,151.0
754.0,1508.0,2018.0,44.0,151.0
755.0,1509.0,2021.0,51.0,151.0
755.0,1510.0,2021.0,48.0,151.0
756.0,1511.0,2018.0,22.0,152.0
756.0,1512.0,2020.0,58.0,152.0
757.0,1513.0,2019.0,56.0,152.0
757.0,1514.0,2019.0,39.0,152.0
758.0,1515.0,2021.0,28.0,152.0
758.0,1516.0,2021.0,46.0,152.0
759.0,1517.0,2021.0,56.0,152.0
759.0,1518.0,2021.0,42.0,152.0
760.0,1519.0,2019.0,29.0,152.0
760.0,1520.0,2018.0,58.0,152.0
761.0,1521.0,2020.0,20.0,153.0
761.0,1522.0,2020.0,54.0,153.0
762.0,1523.0,2019.0,40.0,153.0
762.0,1524.0,2021.0,37.0,153.0
763.0,1525.0,2021.0,38.0,153.0
763.0,1526.0,2018.0,42.0,153.0
764.0,1527.0,2019.0,29.0,153.0
764.0,1528.0,2019.0,27.0,153.0
765.0,1529.0,2019.0,52.0,153.0
765.0,1530.0,2021.0,40.0,153.0
766.0,1531.0,2019.0,33.0,154.0
766.0,1532.0,2019.0,58.0,154.0
767.0,1533.0,2018.0,55.0,154.0
767.0,1534.0,2018.0,52.0,154.0
768.0,1535.0,2021.0,36.0,154.0
768.0,1536.0,2021.0,47.0,154.0
769.0,1537.0,2019.0,29.0,154.0
769.0,1538.0,2019.0,57.0,154.0
770.0,1539.0,2020.0,45.0,154.0
770.0,1540.0,2021.0,28.0,154.0
771.0,1541.0,2019.0,37.0,155.0
771.0,1542.0,2019.0,24.0,155.0
772.0,1543.0,2020.0,37.0,155.0
772.0,1544.0,2020.0,31.0,155.0
773.0,1545.0,2019.0,52.0,155.0
773.0,1546.0,2021.0,46.0,155.0
774.0,1547.0,2019.0,29.0,155.0
774.0,1548.0,2019.0,35.0,155.0
775.0,1549.0,2019.0,46.0,155.0
775.0,1550.0,2018.0,45.0,155.0
776.0,1551.0,2021.0,40.0,156.0
776.0,1552.0,2018.0,48.0,156.0
777.0,1553.0,2019.0,28.0,156.0
777.0,1554.0,2021.0,49.0,156.0
778.0,1555.0,2019.0,21.0,156.0
778.0,1556.0,2018.0,40.0,156.0
779.0,1557.0,2021.0,52.0,156.0
779.0,1558.0,2019.0,55.0,156.0
780.0,1559.0,2019.0,49.0,156.0
780.0,1560.0,2019.0,28.0,156.0
781.0,1561.0,2018.0,48.0,157.0
781.0,1562.0,2018.0,25.0,157.0
782.0,1563.0,2018.0,28.0,157.0
782.0,1564.0,2020.0,21.0,157.0
783.0,1565.0,2020.0,42.0,157.0
783.0,1566.0,2019.0,38.0,157.0
784.0,1567.0,2018.0,55.0,157.0
784.0,1568.0,2019.0,37.0,157.0
785.0,1569.0,2020.0,26.0,157.0
785.0,1570.0,2021.0,56.0,157.0
786.0,1571.0,2020.0,38.0,158.0
786.0,1572.0,2020.0,30.0,158.0
787.0,1573.0,2020.0,27.0,158.0
787.0,1574.0,2019.0,22.0,158.0
788.0,1575.0,2018.0,57.0,158.0
788.0,1576.0,2020.0,32.0,158.0
789.0,1577.0,2019.0,54.0,158.0
789.0,1578.0,2019.0,31.0,158.0
790.0,1579.0,2021.0,56.0,158.0
790.0,1580.0,2020.0,39.0,158.0
791.0,1581.0,2018.0,51.0,159.0
791.0,1582.0,2019.0,28.0,159.0
792.0,1583.0,2021.0,55.0,159.0
792.0,1584.0,2020.0,36.0,159.0
793.0,1585.0,2019.0,50.0,159.0
793.0,1586.0,2021.0,52.0,159.0
794.0,1587.0,2018.0,54.0,159.0
794.0,1588.0,2018.0,34.0,159.0
795.0,1589.0,2019.0,26.0,159.0
795.0,1590.0,2018.0,31.0,159.0
796.0,1591.0,2020.0,59.0,160.0
796.0,1592.0,2019.0,30.0,160.0
797.0,1593.0,2018.0,28.0,160.0
797.0,1594.0,2018.0,43.0,160.0
798.0,1595.0,2021.0,54.0,160.0
798.0,1596.0,2020.0,33.0,160.0
799.0,1597.0,2021.0,39.0,160.0
799.0,1598.0,2019.0,53.0,160.0
800.0,1599.0,2021.0,44.0,160.0
800.0,1600.0,2019.0,23.0,160.0
801.0,1601.0,2019.0,57.0,161.0
801.0,1602.0,2021.0,45.0,161.0
802.0,1603.0,2019.0,22.0,161.0
802.0,1604.0,2020.0,38.0,161.0
803.0,1605.0,2018.0,36.0,161.0
803.0,1606.0,2018.0,55.0,161.0
804.0,1607.0,2021.0,28.0,161.0
804.0,1608.0,2020.0,22.0,161.0
805.0,1609.0,2021.0,56.0,161.0
805.0,1610.0,2020.0,34.0,161.0
806.0,1611.0,2020.0,39.0,162.0
806.0,1612.0,2019.0,21.0,162.0
807.0,1613.0,2018.0,40.0,162.0
807.0,1614.0,2019.0,31.0,162.0
808.0,1615.0,2021.0,48.0,162.0
808.0,1616.0,2020.0,25.0,162.0
809.0,1617.0,2020.0,57.0,162.0
809.0,1618.0,2019.0,53.0,162.0
810.0,1619.0,2018.0,42.0,162.0
810.0,1620.0,2018.0,38.0,162.0
811.0,1621.0,2019.0,56.0,163.0
811.0,1622.0,2019.0,30.0,163.0
812.0,1623.0,2019.0,21.0,163.0
812.0,1624.0,2021.0,36.0,163.0
813.0,1625.0,2020.0,52.0,163.0
813.0,1626.0,2021.0,38.0,163.0
814.0,1627.0,2020.0,20.0,163.0
814.0,1628.0,2019.0,57.0,163.0
815.0,1629.0,2020.0,54.0,163.0
815.0,1630.0,2018.0,53.0,163.0
816.0,1631.0,2020.0,44.0,164.0
816.0,1632.0,2018.0,51.0,164.0
817.0,1633.0,2021.0,50.0,164.0
817.0,1634.0,2021.0,32.0,164.0
818.0,1635.0,2018.0,34.0,164.0
818.0,1636.0,2019.0,32.0,164.0
819.0,1637.0,2021.0,53.0,164.0
819.0,1638.0,2020.0,40.0,164.0
820.0,1639.0,2020.0,26.0,164.0
820.0,1640.0,2018.0,39.0,164.0
821.0,1641.0,2019.0,42.0,165.0
821.0,1642.0,2021.0,21.0,165.0
822.0,1643.0,2019.0,27.0,165.0
822.0,1644.0,2021.0,42.0,165.0
823.0,1645.0,2019.0,21.0,165.0
823.0,1646.0,2021.0,48.0,165.0
824.0,1647.0,2021.0,53.0,165.0
824.0,1648.0,2021.0,46.0,165.0
825.0,1649.0,2020.0,56.0,165.0
825.0,1650.0,2020.0,53.0,165.0
826.0,1651.0,2019.0,22.0,166.0
826.0,1652.0,2018.0,31.0,166.0
827.0,1653.0,2021.0,23.0,166.0
827.0,1654.0,2019.0,56.0,166.0
828.0,1655.0,2021.0,37.0,166.0
828.0,1656.0,2021.0,51.0,166.0
829.0,1657.0,2018.0,37.0,166.0
829.0,1658.0,2019.0,40.0,166.0
830.0,1659.0,2020.0,35.0,166.0
830.0,1660.0,2021.0,21.0,166.0
831.0,1661.0,2018.0,35.0,167.0
831.0,1662.0,2021.0,52.0,167.0
832.0,1663.0,2021.0,55.0,167.0
832.0,1664.0,2020.0,31.0,167.0
833.0,1665.0,2018.0,31.0,167.0
833.0,1666.0,2020.0,31.0,167.0
834.0,1667.0,2021.0,30.0,167.0
834.0,1668.0,2021.0,25.0,167.0
835.0,1669.0,2021.0,57.0,167.0
835.0,1670.0,2019.0,47.0,167.0
836.0,1671.0,2020.0,42.0,168.0
836.0,1672.0,2018.0,51.0,168.0
837.0,1673.0,2020.0,25.0,168.0
837.0,1674.0,2019.0,58.0,168.0
838.0,1675.0,2020.0,35.0,168.0
838.0,1676.0,2021.0,20.0,168.0
839.0,1677.0,2020.0,54.0,168.0
839.0,1678.0,2020.0,32.0,168.0
840.0,1679.0,2019.0,37.0,168.0
840.0,1680.0,2021.0,42.0,168.0
841.0,1681.0,2018.0,53.0,169.0
841.0,1682.0,2021.0,23.0,169.0
842.0,1683.0,2021.0,33.0,169.0
842.0,1684.0,2018.0,45.0,169.0
843.0,1685.0,2021.0,39.0,169.0
843.0,1686.0,2019.0,28.0,169.0
844.0,1687.0,2020.0,35.0,169.0
844.0,1688.0,2019.0,25.0,169.0
845.0,1689.0,2019.0,44.0,169.0
845.0,1690.0,2021.0,43.0,169.0
846.0,1691.0,2020.0,55.0,170.0
846.0,1692.0,2018.0,42.0,170.0
847.0,1693.0,2018.0,22.0,170.0
847.0,1694.0,2019.0,41.0,170.0
848.0,1695.0,2018.0,49.0,170.0
848.0,1696.0,2020.0,37.0,170.0
849.0,1697.0,2021.0,58.0,170.0
849.0,1698.0,2021.0,55.0,170.0
850.0,1699.0,2019.0,21.0,170.0
850.0,1700.0,2019.0,20.0,170.0
851.0,1701.0,2019.0,50.0,171.0
851.0,1702.0,2018.0,29.0,171.0
852.0,1703.0,2020.0,25.0,171.0
852.0,1704.0,2021.0,31.0,171.0
853.0,1705.0,2021.0,20.0,171.0
853.0,1706.0,2020.0,37.0,171.0
854.0,1707.0,2020.0,23.0,171.0
854.0,1708.0,2019.0,45.0,171.0
855.0,1709.0,2018.0,47.0,171.0
855.0,1710.0,2019.0,57.0,171.0
856.0,1711.0,2019.0,23.0,172.0
856.0,1712.0,2019.0,25.0,172.0
857.0,1713.0,2020.0,42.0,172.0
857.0,1714.0,2018.0,25.0,172.0
858.0,1715.0,2020.0,58.0,172.0
858.0,1716.0,2020.0,30.0,172.0
859.0,1717.0,2020.0,41.0,172.0
859.0,1718.0,2019.0,31.0,172.0
860.0,1719.0,2019.0,33.0,172.0
860.0,1720.0,2019.0,42.0,172.0
861.0,1721.0,2021.0,31.0,173.0
861.0,1722.0,2020.0,34.0,173.0
862.0,1723.0,2020.0,36.0,173.0
862.0,1724.0,2018.0,22.0,173.0
863.0,1725.0,2020.0,57.0,173.0
863.0,1726.0,2018.0,31.0,173.0
864.0,1727.0,2020.0,45.0,173.0
864.0,1728.0,2021.0,45.0,173.0
865.0,1729.0,2020.0,34.0,173.0
865.0,1730.0,2021.0,32.0,173.0
866.0,1731.0,2020.0,57.0,174.0
866.0,1732.0,2021.0,46.0,174.0
867.0,1733.0,2018.0,57.0,174.0
867.0,1734.0,2021.0,36.0,174.0
868.0,1735.0,2019.0,24.0,174.0
868.0,1736.0,2019.0,20.0,174.0
869.0,1737.0,2019.0,47.0,174.0
869.0,1738.0,2019.0,51.0,174.0
870.0,1739.0,2018.0,25.0,174.0
870.0,1740.0,2019.0,39.0,174.0
871.0,1741.0,2020.0,33.0,175.0
871.0,1742.0,2018.0,43.0,175.0
872.0,1743.0,2021.0,49.0,175.0
872.0,1744.0,2019.0,59.0,175.0
873.0,1745.0,2018.0,21.0,175.0
873.0,1746.0,2021.0,55.0,175.0
874.0,1747.0,2018.0,22.0,175.0
874.0,1748.0,2021.0,27.0,175.0
875.0,1749.0,2021.0,54.0,175.0
875.0,1750.0,2019.0,38.0,175.0
876.0,1751.0,2018.0,41.0,176.0
876.0,1752.0,2021.0,41.0,176.0
877.0,1753.0,2019.0,20.0,176.0
877.0,1754.0,2019.0,29.0,176.0
878.0,1755.0,2020.0,26.0,176.0
878.0,1756.0,2021.0,27.0,176.0
879.0,1757.0,2018.0,56.0,176.0
879.0,1758.0,2018.0,25.0,176.0
880.0,1759.0,2021.0,49.0,176.0
880.0,1760.0,2018.0,48.0,176.0
881.0,1761.0,2018.0,40.0,177.0
881.0,1762.0,2019.0,50.0,177.0
882.0,1763.0,2020.0,35.0,177.0
882.0,1764.0,2020.0,32.0,177.0
883.0,1765.0,2019.0,41.0,177.0
883.0,1766.0,2021.0,32.0,177.0
884.0,1767.0,2019.0,32.0,177.0
884.0,1768.0,2019.0,50.0,177.0
885.0,1769.0,2020.0,38.0,177.0
885.0,1770.0,2021.0,28.0,177.0
886.0,1771.0,2021.0,52.0,178.0
886.0,1772.0,2019.0,46.0,178.0
887.0,1773.0,2020.0,34.0,178.0
887.0,1774.0,2019.0,41.0,178.0
888.0,1775.0,2020.0,23.0,178.0
888.0,1776.0,2019.0,49.0,178.0
889.0,1777.0,2019.0,59.0,178.0
889.0,1778.0,2019.0,31.0,178.0
890.0,1779.0,2018.0,53.0,178.0
890.0,1780.0,2020.0,25.0,178.0
891.0,1781.0,2020.0,28.0,179.0
891.0,1782.0,2020.0,38.0,179.0
892.0,1783.0,2020.0,47.0,179.0
892.0,1784.0,2018.0,46.0,179.0
893.0,1785.0,2021.0,45.0,179.0
893.0,1786.0,2019.0,59.0,179.0
894.0,1787.0,2020.0,56.0,179.0
894.0,1788.0,2020.0,59.0,179.0
895.0,1789.0,2020.0,51.0,179.0
895.0,1790.0,2018.0,29.0,179.0
896.0,1791.0,2020.0,26.0,180.0
896.0,1792.0,2019.0,44.0,180.0
897.0,1793.0,2020.0,55.0,180.0
897.0,1794.0,2019.0,37.0,180.0
898.0,1795.0,2018.0,33.0,180.0
898.0,1796.0,2019.0,47.0,180.0
899.0,1797.0,2020.0,28.0,180.0
899.0,1798.0,2018.0,29.0,180.0
900.0,1799.0,2021.0,39.0,180.0
900.0,1800.0,2019.0,49.0,180.0
901.0,1801.0,2018.0,49.0,181.0
901.0,1802.0,2019.0,22.0,181.0
902.0,1803.0,2021.0,46.0,181.0
902.0,1804.0,2021.0,48.0,181.0
903.0,1805.0,2020.0,28.0,181.0
903.0,1806.0,2021.0,58.0,181.0
904.0,1807.0,2020.0,41.0,181.0
904.0,1808.0,2021.0,31.0,181.0
905.0,1809.0,2019.0,53.0,181.0
905.0,1810.0,2020.0,47.0,181.0
906.0,1811.0,2020.0,50.0,182.0
906.0,1812.0,2019.0,31.0,182.0
907.0,1813.0,2019.0,28.0,182.0
907.0,1814.0,2018.0,39.0,182.0
908.0,1815.0,2018.0,58.0,182.0
908.0,1816.0,2019.0,20.0,182.0
909.0,1817.0,2021.0,41.0,182.0
909.0,1818.0,2021.0,49.0,182.0
910.0,1819.0,2018.0,56.0,182.0
910.0,1820.0,2020.0,22.0,182.0
911.0,1821.0,2021.0,51.0,183.0
911.0,1822.0,2018.0,25.0,183.0
912.0,1823.0,2018.0,59.0,183.0
912.0,1824.0,2020.0,44.0,183.0
913.0,1825.0,2018.0,34.0,183.0
913.0,1826.0,2019.0,50.0,183.0
914.0,1827.0,2021.0,44.0,183.0
914.0,1828.0,2020.0,21.0,183.0
915.0,1829.0,2018.0,35.0,183.0
915.0,1830.0,2018.0,51.0,183.0
916.0,1831.0,2019.0,57.0,184.0
916.0,1832.0,2021.0,30.0,184.0
917.0,1833.0,2020.0,54.0,184.0
917.0,1834.0,2018.0,35.0,184.0
918.0,1835.0,2021.0,21.0,184.0
918.0,1836.0,2018.0,54.0,184.0
919.0,1837.0,2021.0,55.0,184.0
919.0,1838.0,2021.0,31.0,184.0
920.0,1839.0,2021.0,44.0,184.0
920.0,1840.0,2019.0,35.0,184.0
921.0,1841.0,2019.0,35.0,185.0
921.0,1842.0,2021.0,26.0,185.0
922.0,1843.0,2020.0,42.0,185.0
922.0,1844.0,2020.0,51.0,185.0
923.0,1845.0,2018.0,46.0,185.0
923.0,1846.0,2018.0,42.0,185.0
924.0,1847.0,2021.0,26.0,185.0
924.0,1848.0,2020.0,35.0,185.0
925.0,1849.0,2019.0,58.0,185.0
925.0,1850.0,2018.0,47.0,185.0
926.0,1851.0,2019.0,22.0,186.0
926.0,1852.0,2018.0,46.0,186.0
927.0,1853.0,2019.0,44.0,186.0
927.0,1854.0,2021.0,28.0,186.0
928.0,1855.0,2021.0,57.0,186.0
928.0,1856.0,2018.0,59.0,186.0
929.0,1857.0,2019.0,51.0,186.0
929.0,1858.0,2020.0,59.0,186.0
930.0,1859.0,2019.0,21.0,186.0
930.0,1860.0,2021.0,58.0,186.0
931.0,1861.0,2019.0,37.0,187.0
931.0,1862.0,2019.0,58.0,187.0
932.0,1863.0,2019.0,52.0,187.0
932.0,1864.0,2020.0,35.0,187.0
933.0,1865.0,2018.0,51.0,187.0
933.0,1866.0,2018.0,41.0,187.0
934.0,1867.0,2018.0,35.0,187.0
934.0,1868.0,2018.0,58.0,187.0
935.0,1869.0,2021.0,42.0,187.0
935.0,1870.0,2018.0,59.0,187.0
936.0,1871.0,2019.0,33.0,188.0
936.0,1872.0,2020.0,26.0,188.0
937.0,1873.0,2021.0,59.0,188.0
937.0,1874.0,2021.0,37.0,188.0
938.0,1875.0,2019.0,31.0,188.0
938.0,1876.0,2019.0,40.0,188.0
939.0,1877.0,2019.0,36.0,188.0
939.0,1878.0,2019.0,35.0,188.0
940.0,1879.0,2019.0,28.0,188.0
940.0,1880.0,2018.0,57.0,188.0
941.0,1881.0,2019.0,35.0,189.0
941.0,1882.0,2021.0,41.0,189.0
942.0,1883.0,2019.0,56.0,189.0
942.0,1884.0,2018.0,58.0,189.0
943.0,1885.0,2021.0,51.0,189.0
943.0,1886.0,2018.0,46.0,189.0
944.0,1887.0,2018.0,56.0,189.0
944.0,1888.0,2021.0,49.0,189.0
945.0,1889.0,2021.0,55.0,189.0
945.0,1890.0,2020.0,43.0,189.0
946.0,1891.0,2019.0,47.0,190.0
946.0,1892.0,2018.0,33.0,190.0
947.0,1893.0,2019.0,37.0,190.0
947.0,1894.0,2020.0,28.0,190.0
948.0,1895.0,2019.0,28.0,190.0
948.0,1896.0,2021.0,25.0,190.0
949.0,1897.0,2019.0,53.0,190.0
949.0,1898.0,2020.0,28.0,190.0
950.0,1899.0,2019.0,44.0,190.0
950.0,1900.0,2018.0,49.0,190.0
951.0,1901.0,2019.0,39.0,191.0
951.0,1902.0,2020.0,23.0,191.0
952.0,1903.0,2020.0,47.0,191.0
952.0,1904.0,2018.0,24.0,191.0
953.0,1905.0,2020.0,24.0,191.0
953.0,1906.0,2021.0,58.0,191.0
954.0,1907.0,2019.0,26.0,191.0
954.0,1908.0,2019.0,51.0,191.0
955.0,1909.0,2018.0,20.0,191.0
955.0,1910.0,2018.0,46.0,191.0
956.0,1911.0,2018.0,55.0,192.0
956.0,1912.0,2020.0,35.0,192.0
957.0,1913.0,2021.0,32.0,192.0
957.0,1914.0,2021.0,28.0,192.0
958.0,1915.0,2018.0,50.0,192.0
958.0,1916.0,2019.0,45.0,192.0
959.0,1917.0,2018.0,21.0,192.0
959.0,1918.0,2021.0,21.0,192.0
960.0,1919.0,2021.0,34.0,192.0
960.0,1920.0,2020.0,29.0,192.0
961.0,1921.0,2018.0,47.0,193.0
961.0,1922.0,2019.0,57.0,193.0
962.0,1923.0,2021.0,20.0,193.0
962.0,1924.0,2018.0,57.0,193.0
963.0,1925.0,2018.0,26.0,193.0
963.0,1926.0,2021.0,30.0,193.0
964.0,1927.0,2019.0,34.0,193.0
964.0,1928.0,2021.0,48.0,193.0
965.0,1929.0,2019.0,53.0,193.0
965.0,1930.0,2019.0,47.0,193.0
966.0,1931.0,2021.0,43.0,194.0
966.0,1932.0,2020.0,52.0,194.0
967.0,1933.0,2021.0,55.0,194.0
967.0,1934.0,2021.0,59.0,194.0
968.0,1935.0,2018.0,49.0,194.0
968.0,1936.0,2020.0,48.0,194.0
969.0,1937.0,2021.0,25.0,194.0
969.0,1938.0,2020.0,40.0,194.0
970.0,1939.0,2019.0,40.0,194.0
970.0,1940.0,2019.0,34.0,194.0
971.0,1941.0,2020.0,37.0,195.0
971.0,1942.0,2018.0,45.0,195.0
972.0,1943.0,2021.0,56.0,195.0
972.0,1944.0,2019.0,49.0,195.0
973.0,1945.0,2018.0,57.0,195.0
973.0,1946.0,2018.0,51.0,195.0
974.0,1947.0,2020.0,29.0,195.0
974.0,1948.0,2019.0,32.0,195.0
975.0,1949.0,2021.0,39.0,195.0
975.0,1950.0,2018.0,22.0,195.0
976.0,1951.0,2018.0,38.0,196.0
976.0,1952.0,2019.0,43.0,196.0
977.0,1953.0,2019.0,47.0,196.0
977.0,1954.0,2019.0,56.0,196.0
978.0,1955.0,2018.0,25.0,196.0
978.0,1956.0,2021.0,36.0,196.0
979.0,1957.0,2019.0,36.0,196.0
979.0,1958.0,2018.0,36.0,196.0
980.0,1959.0,2021.0,28.0,196.0
980.0,1960.0,2018.0,44.0,196.0
981.0,1961.0,2018.0,45.0,197.0
981.0,1962.0,2018.0,47.0,197.0
982.0,1963.0,2021.0,52.0,197.0
982.0,1964.0,2020.0,42.0,197.0
983.0,1965.0,2018.0,42.0,197.0
983.0,1966.0,2018.0,36.0,197.0
984.0,1967.0,2018.0,33.0,197.0
984.0,1968.0,2020.0,21.0,197.0
985.0,1969.0,2019.0,38.0,197.0
985.0,1970.0,2020.0,47.0,197.0
986.0,1971.0,2021.0,29.0,198.0
986.0,1972.0,2018.0,59.0,198.0
987.0,1973.0,2018.0,28.0,198.0
987.0,1974.0,2020.0,54.0,198.0
988.0,1975.0,2018.0,31.0,198.0
988.0,1976.0,2020.0,55.0,198.0
989.0,1977.0,2019.0,57.0,198.0
989.0,1978.0,2020.0,49.0,198.0
990.0,1979.0,2020.0,42.0,198.0
990.0,1980.0,2021.0,36.0,198.0
991.0,1981.0,2019.0,54.0,199.0
991.0,1982.0,2021.0,59.0,199.0
992.0,1983.0,2021.0,37.0,199.0
992.0,1984.0,2018.0,39.0,199.0
993.0,1985.0,2019.0,54.0,199.0
993.0,1986.0,2018.0,43.0,199.0
994.0,1987.0,2019.0,39.0,199.0
994.0,1988.0,2020.0,34.0,199.0
995.0,1989.0,2020.0,44.0,199.0
995.0,1990.0,2020.0,59.0,199.0
996.0,1991.0,2019.0,38.0,200.0
996.0,1992.0,2021.0,48.0,200.0
997.0,1993.0,2020.0,23.0,200.0
997.0,1994.0,2018.0,47.0,200.0
998.0,1995.0,2019.0,52.0,200.0
998.0,1996.0,2019.0,45.0,200.0
999.0,1997.0,2018.0,31.0,200.0
999.0,1998.0,2020.0,23.0,200.0
1000.0,1999.0,2021.0,53.0,200.0
1000.0,2000.0,2018.0,57.0,200.0
1001.0,2001.0,2020.0,49.0,201.0
1001.0,2002.0,2019.0,21.0,201.0
,,,,201.0
,,,,201.0
,,,,201.0
,,,,201.0
,,,,201.0
,,,,201.0
,,,,201.0
,,,,201.0
